Name & SERP Title,Slug,Collection ID,Item ID,Created On,Updated On,Published On,Host,All guests (incl main guest),Intro & SERP Meta Description,directmp3link,Publication date,Season,Episode ID - short,Overall episode number,Bonus episode?,Featured (popular),Main image,Shownotes/ extra info,Youtube Embed code,Transcript,Guests,Date,Duration,YouTube URL,Main Image,Show Notes
A/B Testing f√ºr Leadgenerierung: Best Practices mit Julian Kleinknecht,a-b-testing-fur-leadgenerierung-best-practices-mit-julian-kleinknecht,62446457cab48b4f642519ed,673cbc11c2b38827a81d3001,Tue Nov 19 2024 16:25:53 GMT+0000 (Coordinated Universal Time),Wed Nov 20 2024 09:00:43 GMT+0000 (Coordinated Universal Time),Wed Nov 20 2024 09:00:43 GMT+0000 (Coordinated Universal Time),michael-witzenleiter-yvonne-teufel,julian-kleinknecht,"Julian Kleinknecht teilt Einblicke in Best Practices des A/B Testings f√ºr Leadgenerierung und erkl√§rt die wesentlichen Unterschiede zu CRO im eCommerce.
",https://audio.transistor.fm/m/shows/28592/31c0a578c7cba417a6233d6af1321380.mp3?download=a-b-testing-fur-leadgenerierung-best-practices-mit-julian-kleinknecht,Wed Nov 20 2024 00:00:00 GMT+0000 (Coordinated Universal Time),1,,43,false,true,https://cdn.prod.website-files.com/62446457cab48b69bf25195e/673cbbf8af4094642401e3fe_CRO_CAFE_Julian%20Kleinknecht.jpg,"<p id="""">In dieser Folge spricht Michael mit dem Experten Julian Kleinknecht √ºber die Kunst des A/B Testings im Bereich der Leadgenerierung. Kleinknecht enth√ºllt wertvolle Best Practices, die helfen, die Effektivit√§t von Kampagnen zu steigern und die Anzahl qualifizierter Leads zu erh√∂hen. Dabei deckt er die grundlegenden Unterschiede zwischen A/B Testing f√ºr Leadgenerierung und der herk√∂mmlichen Conversion-Rate-Optimierung im eCommerce.</p>",,,,2025-01-10T20:38:14.600Z,0,,https://cdn.prod.website-files.com/62446457cab48b69bf25195e/673cbbf8af4094642401e3fe_CRO_CAFE_Julian%20Kleinknecht.jpg,
The Future of CRO - mit Ren√© Gilster,the-future-of-cro-mit-rene-gilster,62446457cab48b4f642519ed,66961ffcdeb86ffc1d69763b,Tue Jul 16 2024 07:23:40 GMT+0000 (Coordinated Universal Time),Tue Jul 16 2024 07:28:45 GMT+0000 (Coordinated Universal Time),Tue Jul 16 2024 07:28:45 GMT+0000 (Coordinated Universal Time),michael-witzenleiter-yvonne-teufel,rene-gilster,"Ren√© Gilster, Principal Behavior Sciences & Head of Data Sciences bei konversionsKRAFT spricht √ºber die Zukunft von CRO und wertvolle Pro-Tipps.",https://audio.transistor.fm/m/shows/28592/b38ead8cf584d158048b2f01a00b16f3.mp3?download=the-future-of-cro-mit-rene-gilster,Tue Jul 16 2024 00:00:00 GMT+0000 (Coordinated Universal Time),1,,42,false,true,https://uploads-ssl.webflow.com/62446457cab48b69bf25195e/66961fdf2acafee6ab73b42f_CRO_CAFE_Rene%20Gilster(1).jpg,"<p id="""">Die Zukunft der Conversion Rate Optimierung ist bisher noch unklar. Ren√© Gilster, Experte in Principal Behavior Sciences &amp; Head of Data Sciences bei konversionskraft, verr√§t uns in dieser Folge seine Prognose der zuk√ºnftigen CRO-Welt mit. Welche Profi-Tipps seiner Meinung nach unbedingt angewendet werden sollten und an welchen Trends wir nicht vorbeikommen werden, teilt er uns ebenfalls mit. Zudem gibt er uns noch seine Top 3 B√ºcher- und Podcast-Empfehlungen mit auf den Weg.</p>",,,,2025-01-10T20:38:14.600Z,0,,https://uploads-ssl.webflow.com/62446457cab48b69bf25195e/66961fdf2acafee6ab73b42f_CRO_CAFE_Rene%20Gilster(1).jpg,
GMS24-Special: Personalisierung und Testing der Zukunft - mit Ilja Gurevich,gms24-special-personalisierung-und-testing-der-zukunft-mit-ilja-gurevich,62446457cab48b4f642519ed,667d636798f49138df2dc996,Thu Jun 27 2024 13:04:39 GMT+0000 (Coordinated Universal Time),Thu Jun 27 2024 13:21:43 GMT+0000 (Coordinated Universal Time),Thu Jun 27 2024 13:21:43 GMT+0000 (Coordinated Universal Time),michael-witzenleiter-yvonne-teufel,ilja-gurevich,"Ilja Gurevich und Michael Witzenleiter teilen Zukunftsaussichten von Personalisierung, Testing und die neuesten Trends bei der GMS 2024.
",https://audio.transistor.fm/m/shows/28592/a050544bf046cbc41b9bc6604526efbc.mp3?download=gms24-special-personalisierung-und-testing-der-zukunft-mit-ilja-gurevich,Thu Jun 27 2024 00:00:00 GMT+0000 (Coordinated Universal Time),1,,41,false,true,https://uploads-ssl.webflow.com/62446457cab48b69bf25195e/667d62d33df0fa2af897d895_CRO_CAFE_Ilja%20Gurevich(2).jpg,"<p id="""">Live auf der Growth Minded Superheroes Konferenz 2024 in Frankfurt: Ilja Gurevich, Digital Services Lead NETHLETES &amp; Top Sport Consultant, gibt uns in dieser Special-Folge Einblicke in die Personalisierung- und Testing-Welt der Zukunft. Au√üerdem sprechen Ilja und Michael √ºber die Eindr√ºcke und Trends der GMS 2024. Gemeinsam werfen sie einen Blick darauf, wie innovative Technologien den Markt revolutionieren, welche Bed√ºrfnisse der Konsument hat und wie man diese bestm√∂glich befriedigen kann.</p>",,,,2025-01-10T20:38:14.600Z,0,,https://uploads-ssl.webflow.com/62446457cab48b69bf25195e/667d62d33df0fa2af897d895_CRO_CAFE_Ilja%20Gurevich(2).jpg,
Das Erfolgsgeheimnis von Testing und Personalisierung bei congstar - mit Janina Schwill,das-erfolgsgeheimnis-von-testing-und-personalisierung-bei-congstar-mit-janina-schwill,62446457cab48b4f642519ed,665f0e4e68c6c273f8a2e0f8,Tue Jun 04 2024 12:53:34 GMT+0000 (Coordinated Universal Time),Tue Jun 04 2024 13:30:44 GMT+0000 (Coordinated Universal Time),Tue Jun 04 2024 13:30:44 GMT+0000 (Coordinated Universal Time),michael-witzenleiter-yvonne-teufel,janina-schwill,"Janina Schwill teilt uns in der heutigen Folge mit, welche Schritte sie unternommen haben, um Experimentation und Personalisierung im Unternehmen zu etablieren.",https://audio.transistor.fm/m/shows/28592/db65afc585bdc9557905f0c04a268f14.mp3?download=das-erfolgsgeheimnis-von-testing-und-personalisierung-bei-congstar-mit-janina-schwill,Tue Jun 04 2024 00:00:00 GMT+0000 (Coordinated Universal Time),1,,40,false,true,https://uploads-ssl.webflow.com/62446457cab48b69bf25195e/665f10b67af51bfa5eb1a74b_CRO_CAFE_Janina%20Schwill.jpg,"<p id="""">Das Unternehmen congstar hat jahrelange Erfahrung im Testing und profitiert mittlerweile von einer aufgeschlossenen Testing-Kultur. Janina Schwill, Senior Managerin im digitalen Kundenerlebnis bei Congstar, erz√§hlt uns in der heutigen Folge, wie sie es an diesen Punkt geschafft haben, wie das richtige Mindset aussehen sollte und welche Faktoren daran hindern, den vollen Nutzen aus der Conversion-Optimierung zu ziehen. Au√üerdem teilt sie Best Practices und Inspirationsquelle zum Thema CRO.</p><ul id=""""><li>Growth Ambassador Community&nbsp;</li><li>Events wie die ‚ÄúExperimentation Unite"" von Kameleoon,&nbsp;</li><li>Messen wie die ‚ÄúGrowth Marketing Summit‚Äù von KonversionsKRAFT</li></ul>",,,,2025-01-10T20:38:14.600Z,0,,https://uploads-ssl.webflow.com/62446457cab48b69bf25195e/665f10b67af51bfa5eb1a74b_CRO_CAFE_Janina%20Schwill.jpg,
Unternehmenskultur als Erfolgsfaktor - mit Niklas Br√§utigam Co-Founder von Conversion Stash,unternehmenskultur-als-erfolgsfaktor-mit-niklas-brautigam-co-founder-von-conversion-stash,62446457cab48b4f642519ed,665ef355a9a6f53f8e3a0c27,Tue Jun 04 2024 10:58:29 GMT+0000 (Coordinated Universal Time),Tue Jun 04 2024 12:48:17 GMT+0000 (Coordinated Universal Time),Tue Jun 04 2024 12:48:17 GMT+0000 (Coordinated Universal Time),michael-witzenleiter-yvonne-teufel,niklas-brautigam,"Niklas Br√§utigam teilt in der heutigen Folge, wie die Unternehmenskultur den Erfolg von Optimierungsprogrammen beeinflusst.",https://audio.transistor.fm/m/shows/28592/ff940c0dd2a81ea5c61279a6266677ad.mp3?download=unternehmenskultur-als-erfolgsfaktor-mit-niklas-brautigam-co-founder-von-conversion-stash,Wed May 15 2024 00:00:00 GMT+0000 (Coordinated Universal Time),1,,39,false,false,https://uploads-ssl.webflow.com/62446457cab48b69bf25195e/665f0b861b48d1a6ff99926b_CRO_CAFE_Niklas%20Bra%CC%88utigam%20(1).jpg,"<p id="""">Die Unternehmenskultur spielt eine entscheidende Rolle und hat gro√üen Einfluss auf die Effektivit√§t eines CRO-Programms. Niklas Br√§utigam, Co-Founder von Conversion Stash und Digital CRO Manager bei C&amp;A, teilt in der heutigen Folge, wie die Unternehmenskultur den Erfolg von Optimierungsprogrammen beeinflusst, was die wichtigsten Faktoren beim Testing sind und welche Tools dabei helfen k√∂nnen. Au√üerdem geht er genauer darauf ein, warum die Dokumentation so wichtig ist und was seine Top 3 B√ºcher/Blogs Podcast sind.</p><p>Seine Empfehlungen:</p><ul id=""""><li id="""">Das Buch: Trustworthy Online Controlled Experiments von Ron Kohavi</li><li id="""">Das Buch: Experimentation Works von Stefan Thomke</li><li id="""">Das Buch: The complete CRO Course bei Udemy von Ruben de Boer</li><li id="""">Das Buch: The Person in Personalisation von David Mannheim</li><li id="""">Den Podcast: nohacks.show von Slobodan Maniƒá</li><li id="""">Den Newsletter: Experimental Mind von Kevin Anderson</li><li id=""""><a href=""https://www.conversion-stash.com/"" target=""_blank"" id="""">Conversion Stash</a></li><li id=""""><a href=""https://www.lukasvermeer.nl/publications/2023/06/26/detecting-interaction-effects-in-online-experimentation.html"" target=""_blank"" id="""">Blogserie von Lukas Vermeer</a><a href=""https://3tech.ck.page/experimentation-tuesday"" target=""_blank"">‚Äç</a></li><li id=""""><a href=""https://3tech.ck.page/experimentation-tuesday"" target=""_blank"">‚ÄúExperimentation Tuesday‚Äù von Nils Koppelmann</a></li></ul>",,,,2025-01-10T20:38:14.600Z,0,,https://uploads-ssl.webflow.com/62446457cab48b69bf25195e/665f0b861b48d1a6ff99926b_CRO_CAFE_Niklas%20Bra%CC%88utigam%20(1).jpg,
"Aus E-Commerce wird R-Commerce: Digitaler Erfolg durch nachhaltige Kundenbeziehungen - mit Joachim Stalph, Philipp Spreer und Dimitrios Haratsis",aus-e-commerce-wird-r-commerce,62446457cab48b4f642519ed,660bb8033ca25b47e66b94d4,Tue Apr 02 2024 07:47:15 GMT+0000 (Coordinated Universal Time),Wed Apr 03 2024 06:32:11 GMT+0000 (Coordinated Universal Time),Wed Apr 03 2024 06:32:11 GMT+0000 (Coordinated Universal Time),michael-witzenleiter-yvonne-teufel,philipp-spreer; dimitrios-haratsis; joachim-stalph,"Joachim Stalph, Philipp Spreer und Dimitrios Haratsis decken auf, wie sich R-Commerce von herk√∂mmlichen Verkaufsstrategien unterscheidet.",https://audio.transistor.fm/m/shows/28592/75dc680d90ec1cea725475e66758d4c3.mp3?download=aus-e-commerce-wird-r-commerce-digitaler-erfolg-durch-nachhaltige-kundenbeziehungen-mit-joachim-stalph-philipp-spreer-und-dimitrios-haratsis,Wed Apr 03 2024 00:00:00 GMT+0000 (Coordinated Universal Time),1,,38,false,false,https://uploads-ssl.webflow.com/62446457cab48b69bf25195e/660bb7ccafec542fe3cee96d_CRO-CAFE_%2338_Banner.jpg,"<p id="""">In unserer neuesten Episode tauchen wir tief in die Welt des Relationship Commerce (R-Commerce) ein. Ein Konzept, das sich vom traditionellen E-Commerce-Modell unterscheidet, indem es den Fokus auf den Aufbau nachhaltiger Kundenbeziehungen legt. Unsere Experten Joachim Stalph, Philipp Spreer und Dimitrios Haratsis decken auf, wie sich R-Commerce von herk√∂mmlichen Verkaufsstrategien unterscheidet, wie es das Kauferlebnis f√ºr Endkunden revolutioniert und warum ein integrierter Ansatz aus Daten, Marketing-Technologie und Psychologie der Schl√ºssel zum Erfolg in der digitalisierten Handelswelt ist.</p><p id="""">Wenn ihr noch mehr in die Tiefe gehen m√∂chtet, findet ihr hier das Buch zur Folge:</p><p id="""">R-Commerce, von Joachim Stalph, Philipp Spreer, Dimitrios Haratsis: <a href=""https://www.r-commerce.de/"" id=""""><strong id="""">https://www.r-commerce.de/</strong></a></p><p id="""">weitere Buchtipps: </p><ul id=""""><li id="""">""How Brands grow"" von Byron Sharp <a href=""https://www.amazon.de/-/en/Byron-Sharp/dp/0195573560"" id=""""><strong id="""">https://www.amazon.de/-/en/Byron-Sharp/dp/0195573560</strong></a></li><li id="""">""PsyConversion"" von Philipp Spreer <a href=""https://www.psyconversion.de/"" id=""""><strong id="""">https://www.psyconversion.de/</strong></a></li><li id="""">""Vertauensarchitektur"" von Dr. Eric Eller <a href=""https://www.vertrauensarchitektur.de/"" id=""""><strong id="""">https://www.vertrauensarchitektur.de/</strong></a></li><li id="""">Whitepaper ‚ÄúEnjoy your Cookies‚Äù: <a href=""https://www.elaboratum.de/news/whitepaper-cookie-banner-strategie-positive-emotionen-akzeptanz-steigern/"" id=""""><strong id="""">https://www.elaboratum.de/news/whitepaper-cookie-banner-strategie-positive-emotionen-akzeptanz-steigern/</strong></a></li></ul><p>‚Äç</p>",,,,2025-01-10T20:38:14.600Z,0,,https://uploads-ssl.webflow.com/62446457cab48b69bf25195e/660bb7ccafec542fe3cee96d_CRO-CAFE_%2338_Banner.jpg,
Einblicke in die Conversion Rate und Funnel Optimierung - mit Sebastian Pilgram,einblicke-in-die-conversion-rate-und-funnel-optimierung-mit-sebastian-pilgram,62446457cab48b4f642519ed,65f85bdd1ed2115cfbd8c27c,Mon Mar 18 2024 15:21:01 GMT+0000 (Coordinated Universal Time),Thu Mar 21 2024 08:27:14 GMT+0000 (Coordinated Universal Time),Thu Mar 21 2024 08:27:18 GMT+0000 (Coordinated Universal Time),michael-witzenleiter-yvonne-teufel,sebastian-pilgram,"Sebastian Pilgram, Senior Conversion Manager, teilt sein Know-how zum Thema CRO, Funnel Optimierung und Datenanalysen.",https://audio.transistor.fm/m/shows/28592/97a9f9c8137e8dfc77a0dece8babb17f.mp3?download=einblicke-in-die-conversion-rate-und-funnel-optimierung-mit-sebastian-pilgram,Tue Mar 19 2024 00:00:00 GMT+0000 (Coordinated Universal Time),1,,37,false,true,https://uploads-ssl.webflow.com/62446457cab48b69bf25195e/65f85bac4f8dde4f9ab96b14_Sebastian%20Pilgram%20CRO.CAFE%20Deutsch.png,"<p id="""">Sebastian Pilgram, Senior Conversion Manager erz√§hlt √ºber seine jahrelange Erfahrung in der Conversion Optimierung und teilt seine pers√∂nliche Meinung, warum klassische Relaunch-Projekte nicht sinnvoll sind. Au√üerdem erf√§hrst du, warum das Thema Copywriting gerade in der Conversion-Optimierung so relevant ist und wie du mit diesem unfairen Vorteil deine Webseitenbesucher verkaufspsychologisch von deinem Angebot √ºberzeugen kannst.</p>",,,,2025-01-10T20:38:14.600Z,0,,https://uploads-ssl.webflow.com/62446457cab48b69bf25195e/65f85bac4f8dde4f9ab96b14_Sebastian%20Pilgram%20CRO.CAFE%20Deutsch.png,
CRO-Uplift durch Testing bei Smarketer - mit Jonathan Heinze,cro-uplift-durch-testing-bei-smarketer-mit-jonathan-heinze,62446457cab48b4f642519ed,65e6a0e9ed437a244523bbdb,Tue Mar 05 2024 04:34:49 GMT+0000 (Coordinated Universal Time),Tue Mar 05 2024 07:34:21 GMT+0000 (Coordinated Universal Time),Mon Mar 18 2024 14:35:34 GMT+0000 (Coordinated Universal Time),michael-witzenleiter-yvonne-teufel,jonathan-heinze,"Jonathan Heinze, Conversion Optimization Manager bei Smarketer erz√§hlt, die grundlegenden Prinzipien, um die Conversion Rate zu steigern.",https://audio.transistor.fm/m/shows/28592/ff1eed4c727c5eac43bb49a54f574bc2.mp3?download=cro-uplift-durch-testing-bei-smarketer-mit-jonathan-heinze,Tue Mar 05 2024 00:00:00 GMT+0000 (Coordinated Universal Time),1,,36,false,false,https://uploads-ssl.webflow.com/62446457cab48b69bf25195e/65e6a039ab1cbdc690a63aec_Bildschirmfoto%202024-02-22%20um%2014.51.33.png,"<p id="""">Es gibt einige Methoden um die Conversion Rate deines Online-Shops nachhaltig zu steigern und gleichzeitig unn√∂tige Kosten einzusparen. Jonathan Heinze, Conversion Optimization Manager bei Smarketer erz√§hlt in dieser Folge, was die grundlegenden Prinzipien sind, um die Conversion Rate zu steigern, was es bei Google Ads zu beachten gibt, und ob man CRO und Google Ads kombinieren sollte. Au√üerdem teilt er seine Best Practices und seine liebsten Tools f√ºr CRO. </p><p id="""">Seine Empfehlungen:</p><ul id=""""><li id="""">Website Clientboost.com</li><li id="""">Conversion Snacks von Contentsquare</li><li id="""">Buch: W<em id="""">hy We Buy: The Science of Shopping</em> von Paco Underhill</li></ul>",,,,2025-01-10T20:38:14.600Z,0,,https://uploads-ssl.webflow.com/62446457cab48b69bf25195e/65e6a039ab1cbdc690a63aec_Bildschirmfoto%202024-02-22%20um%2014.51.33.png,
LinkedIn-Anzeigen leicht gemacht - mit Kathleen H√∂ller,linkedin-anzeigen-leicht-gemacht-mit-kathleen-holler,62446457cab48b4f642519ed,65d39c79cc367417cbdd4503,Mon Feb 19 2024 18:22:49 GMT+0000 (Coordinated Universal Time),Tue Feb 20 2024 08:00:01 GMT+0000 (Coordinated Universal Time),Tue Feb 20 2024 08:00:01 GMT+0000 (Coordinated Universal Time),michael-witzenleiter-yvonne-teufel,kathleen-holler,"Kathleen H√∂ller teilt ihr Fachwissen im Bereich LinkedIn Ads und erkl√§rt, worauf es genau ankommt und f√ºr welche Unternehmen das Thema relevant ist.",https://audio.transistor.fm/m/shows/28592/df3ff269615711df8c209a5f892f0ea4.mp3?download=linkedin-anzeigen-leicht-gemacht-mit-kathleen-holler,Tue Feb 20 2024 00:00:00 GMT+0000 (Coordinated Universal Time),1,,35,false,true,https://uploads-ssl.webflow.com/62446457cab48b69bf25195e/65d39be7729e2b3fc799fd67_Kathleen_CRO%20CAFE.png,"<p>Testing bei LinkedIn Ads bietet enormes Potenzial, um die Reichweite zu steigern und mehr Leads zu generieren. Kathleen H√∂ller, Head of Marketing bei InnoOne, erz√§hlt in dieser Folge, f√ºr wen LinkedIn Anzeigen sinnvoll sind, was f√ºr ein Budget man ben√∂tigt und wie man das Potenzial durch Testing aussch√∂pft. Au√üerdem teilt sie ihre Top-Tipps f√ºr den Einstieg in das Thema und was die h√§ufigsten Fehler beim Testing sind.</p>",,,,2025-01-10T20:38:14.600Z,0,,https://uploads-ssl.webflow.com/62446457cab48b69bf25195e/65d39be7729e2b3fc799fd67_Kathleen_CRO%20CAFE.png,
Getting to know your customers - with Conrad Omansky,getting-to-know-your-customers-with-conrad-omansky,62446457cab48b4f642519ed,65c0bc2deeb580591f9965a7,Mon Feb 05 2024 10:45:01 GMT+0000 (Coordinated Universal Time),Tue Feb 06 2024 08:30:01 GMT+0000 (Coordinated Universal Time),Mon Feb 19 2024 18:23:28 GMT+0000 (Coordinated Universal Time),michael-witzenleiter-yvonne-teufel,conrad-omansky,"Conrad Omansky talks about how to really get to know your customers, how to find out the right information and to analyze the data the correct way.",https://audio.transistor.fm/m/shows/28592/461ba543cfd78f56166afe8217c1b393.mp3?download=getting-to-know-your-customers-with-conrad-omansky,Tue Feb 06 2024 00:00:00 GMT+0000 (Coordinated Universal Time),1,,34,false,true,https://uploads-ssl.webflow.com/62446457cab48b69bf25195e/65c0b9a579c405ef54a976eb_Bildschirmfoto%202024-02-02%20um%2011.33.57.png,"<p id="""">The key to improving your business is to understand the customers. In this episode, Conrad Omansky, CEO and Founder of the Omansky Group, tells us why qualitative and quantitative data are so important to optimize the website and how to find the right information. Besides that, he tells us the best ways to analyze the data and his best user interview tips.<br><br><strong id="""">Book &amp; Blog recommendations: &nbsp;</strong></p><ul id=""""><li id="""">The 9 American Lifestyles by Arnold Mitchell, 1983</li><li id="""">The Honest Broker</li></ul><p id="""">------<br><br>Der Schl√ºssel zur Verbesserung des Unternehmens ist es, Kunden richtig kennenzulernen und zu verstehen. In dieser Folge erkl√§rt Conrad Omansky, CEO und Gr√ºnder der Omansky Group, warum qualitative und quantitative Daten so wichtig f√ºr die Optimierung der Website sind und wie man die richtigen Informationen findet. Au√üerdem verr√§t er uns, wie man die Daten am besten analysiert und gibt seine Tipps f√ºr Nutzer-Interviews. <br><br></p><p id=""""><strong id="""">Buch- &amp; Blogempfehlungen: &nbsp;</strong></p><ul id=""""><li id="""">Die 9 amerikanischen Lebensstile von Arnold Mitchell, 1983</li><li id="""">The Honest Broker</li></ul><p>‚Äç</p>",,,,2025-01-10T20:38:14.600Z,0,,https://uploads-ssl.webflow.com/62446457cab48b69bf25195e/65c0b9a579c405ef54a976eb_Bildschirmfoto%202024-02-02%20um%2011.33.57.png,
Testing-Strategie und CRO-Insights von HubSpot - mit Philipp Becker,testing-strategie-und-cro-insights-von-hubspot---mit-philipp-becker,62446457cab48b4f642519ed,65a9507f1875bc6ec6a77c8e,Thu Jan 18 2024 16:23:27 GMT+0000 (Coordinated Universal Time),Tue Jan 23 2024 10:38:11 GMT+0000 (Coordinated Universal Time),Tue Jan 23 2024 10:38:22 GMT+0000 (Coordinated Universal Time),michael-witzenleiter-yvonne-teufel,philipp-becker," Philipp Becker, Senior CRO Marketing Manager bei HubSpot, berichtet in dieser Folge √ºber die Testing Strategie bei Hubspot.",https://audio.transistor.fm/m/shows/28592/a810eafa547ce43ab62b683efb41886d.mp3?download=testing-strategie-und-cro-insights-von-hubspot-mit-philipp-becker,Tue Jan 23 2024 00:00:00 GMT+0000 (Coordinated Universal Time),1,,33,false,true,https://uploads-ssl.webflow.com/62446457cab48b69bf25195e/65a950323c9c3b7f23d21e21_CROCAFE_Philipp%20Becker_Website.png,"<p id="""">In dieser Folge sprechen wir √ºber Conversion Rate Optimierung im B2B-Umfeld. Philipp Becker, Senior CRO Marketing Manager bei <a href=""https://www.hubspot.de/"" id="""">HubSpo</a>t, erz√§hlt, was man bei Experimenten auf Content-Seiten wie Blog oder Landing Pages beachten sollte. Zudem teilt er Best Practices und verr√§t, durch welche Tests sie es geschafft haben, ihre Conversion Rate deutlich zu steigern. Erfahrt, welche KI-Features Hubspot bereits in der eigenen Software integriert hat.<br></p><p id="""">Viel Spa√ü beim H√∂ren. </p><p id="""">‚Äç</p><p id=""""><strong id="""">Philipp's Buchtipps: </strong></p><ul id=""""><li id=""""><em id="""">Daniel Kahneman ‚ÄúThinking fast and Slow""</em></li><li id="""">R<em id="""">on Kohavi ‚ÄúTrustworthy Online Controlled Experiments‚Äù</em></li><li id="""">Dale Carnegie ‚ÄúWie man Freunde gewinnt‚Äù</li></ul><p id=""""><strong id="""">Philipp's Podcast-Tipps: </strong></p><ul id=""""><li id=""""><a href=""https://link.chtbl.com/listenandgrow""><strong id="""">Hubspot Listen &amp; Grow</strong></a></li><li id=""""><a href=""https://link.chtbl.com/hubspothangout"" id=""""><strong id=""""><em id="""">HubSpot Hangout</em></strong></a></li></ul><p id="""">‚Äç</p>",,,,2025-01-10T20:38:14.600Z,0,,https://uploads-ssl.webflow.com/62446457cab48b69bf25195e/65a950323c9c3b7f23d21e21_CROCAFE_Philipp%20Becker_Website.png,
Durch eine ma√ügeschneiderte UX mehr Erfolg im E-Commerce - mit Anas Elimani,durch-eine-massgeschneiderte-ux-mehr-erfolg-im-e-commerce-mit-anas-elimani,62446457cab48b4f642519ed,6581b4623373d2933b1e6d36,Tue Dec 19 2023 15:18:58 GMT+0000 (Coordinated Universal Time),Wed Dec 20 2023 09:21:21 GMT+0000 (Coordinated Universal Time),Wed Dec 20 2023 09:21:25 GMT+0000 (Coordinated Universal Time),michael-witzenleiter-yvonne-teufel,anas-elimani," Anas Elimani, Co-Founder von Labrigart.Design spricht dar√ºber, wie wichtig eine gute User Experience im E-Commerce ist. ",https://audio.transistor.fm/m/shows/28592/f5344cca4b84ce29d4a490c543925928.mp3?download=durch-eine-massgeschneiderte-ux-mehr-erfolg-im-e-commerce-mit-anas-elimani,Wed Dec 20 2023 00:00:00 GMT+0000 (Coordinated Universal Time),1,,32,false,false,https://uploads-ssl.webflow.com/62446457cab48b69bf25195e/6581b41670e3bf143b0337c9_Bildschirmfoto%202023-12-18%20um%2009.18.09.png,"<p id="""">Heute zu Gast Anas Elimani, Co-Founder von Labrigart.Design. Wir sprechen dar√ºber, wie wichtig eine gute User Experience im E-Commerce ist. Anas erkl√§rt fundierte UX-Methoden und verr√§t die wichtigsten Usability-Gesetze f√ºr h√∂here Conversion Rates und mehr Erfolg im E-Commerce. </p><p>‚Äç</p><p>Hier gibt es nochmal die wichtigsten Insights der Episode zum Nachlesen: <a href=""https://labrigart.de/alle-tipps-und-tricks-aus-der-podcast-folge-im-cro-cafe""><strong id="""">https://labrigart.de/alle-tipps-und-tricks-aus-der-podcast-folge-im-cro-cafe</strong></a></p><p>‚Äç</p><p id=""""><strong>Anas's Tipps:</strong></p><ul id=""""><li id="""">TED Talks UX - YouTube</li><li id="""">PsyConversion, Philipp Spreer</li></ul>",,,,2025-01-10T20:38:14.600Z,0,,https://uploads-ssl.webflow.com/62446457cab48b69bf25195e/6581b41670e3bf143b0337c9_Bildschirmfoto%202023-12-18%20um%2009.18.09.png,
Einblicke in das CRO-Programm von BabyOne - mit Rebecca Hahn und Amelie Albers,conversion-rate-optimierung-bei-babyone-mit-rebecca-hahn-und-amelie-albers,62446457cab48b4f642519ed,6564bb191d300900573d957d,Mon Nov 27 2023 15:51:53 GMT+0000 (Coordinated Universal Time),Tue Nov 28 2023 09:00:01 GMT+0000 (Coordinated Universal Time),Tue Dec 19 2023 14:35:48 GMT+0000 (Coordinated Universal Time),michael-witzenleiter-yvonne-teufel,amelie-albers; rebecca-hahn,"Rebecca Hahn, UX Designerin und Amelie Albers, E-Commerce Managerin bei BabyOne erz√§hlen √ºber die Experimentation-Strategie bei BabyOne.",https://audio.transistor.fm/m/shows/28592/6a6f3fd7f748cdc3dc0997763e811162.mp3?download=conversion-rate-optimierung-bei-babyone-mit-rebecca-hahn-und-amelie-albers,Tue Nov 28 2023 00:00:00 GMT+0000 (Coordinated Universal Time),1,,31,false,true,https://uploads-ssl.webflow.com/62446457cab48b69bf25195e/6564b99b62a5c3aed3f828f7_Bildschirmfoto%202023-11-07%20um%2009.10.27.png,"<p id="""">Testing ist sehr vielf√§ltig und jedes Unternehmen hat eine andere Strategie. In dieser Episode haben wir Rebecca Hahn, UX-Designerin und Amelie Albers, E-Commerce Managerin bei BabyOne, dem f√ºhrenden Omnichannel-Anbieter f√ºr Baby- und Kleinkind-Produkte, zu Gast. Sie erz√§hlen √ºber die Experimentation-Strategie bei BabyOne, teilen interessante Best Practices sowie spannende Insights und Projekte, an denen sie gerade arbeiten.<br><br>Ihre Tipp's f√ºr Inspiration rund um das Thema CRO und UX:</p><ul id=""""><li id="""">LinkedIn </li><li id=""""><strong id="""">Designing with Data</strong> von Rochelle King, Elizabeth F. Churchill, Caitlin Tan</li><li id="""">Artikel von KonversionsKraft</li><li id="""">Podcast <strong id="""">Kassenzone</strong></li></ul><p>‚Äç</p>",,,,2025-01-10T20:38:14.600Z,0,,https://uploads-ssl.webflow.com/62446457cab48b69bf25195e/6564b99b62a5c3aed3f828f7_Bildschirmfoto%202023-11-07%20um%2009.10.27.png,
Psychologische Ma√ünahmen zur Kundengewinnung - mit Dr. Astrid Junghans,psychologische-massnahmen-zur-kundengewinnung-mit-dr-astrid-junghans,62446457cab48b4f642519ed,6549f4fae99c7c1a37abaff1,Tue Nov 07 2023 08:27:38 GMT+0000 (Coordinated Universal Time),Fri Nov 10 2023 07:34:36 GMT+0000 (Coordinated Universal Time),Fri Nov 10 2023 07:34:42 GMT+0000 (Coordinated Universal Time),michael-witzenleiter-yvonne-teufel,astrid-junghans,"Astrid Junghans, Managing Consultat bei elaboratum, verr√§t erfolgreiche Ma√ünahmen neben A/B Testing, um die Conversions deines Shops zu steigern.",https://audio.transistor.fm/m/shows/28592/5cd338088a3fdc305dd5e49e7e31fd57.mp3?download=psychologische-massnahmen-zur-kundengewinnung-mit-dr-astrid-junghans,Tue Nov 07 2023 00:00:00 GMT+0000 (Coordinated Universal Time),1,,30,false,true,https://uploads-ssl.webflow.com/62446457cab48b69bf25195e/6549f0ea59697f719634e56c_Astrid%20Junghans_CRO.CAFE.png,"<p id="""">Damit man seine potenzielle Kundschaft auch erreicht, ist es eine grundlegende Voraussetzung, deren Verhalten sowie die Bed√ºrfnisse zu kennen. Das schafft man, indem man psychologische Ma√ünahmen anwendet. Astrid Junghans, Managing Consultant und promovierte Psychologin bei elaboratom, erz√§hlt uns in der aktuellen Folge welche Ma√ünahmen sie anhand ihrer vergangenen Learnings bei elaboratum anwendet. Sie ist Expertin f√ºr Verhaltens√§nderung und Forschungsmethoden, kennt und wei√ü wie ihre Zielgruppe tickt. Au√üerdem teilt sie uns ihre Sicht der zuk√ºnftigen Entwicklungen mit.</p>",,,,2025-01-10T20:38:14.600Z,0,,https://uploads-ssl.webflow.com/62446457cab48b69bf25195e/6549f0ea59697f719634e56c_Astrid%20Junghans_CRO.CAFE.png,
Testing bei kleineren Unternehmen mit Gunnar Asmussen,testing-bei-kleineren-unternehmen-mit-gunnar-asmussen,62446457cab48b4f642519ed,652e9f8115aa067f377927f0,Tue Oct 17 2023 14:51:45 GMT+0000 (Coordinated Universal Time),Tue Oct 17 2023 14:51:45 GMT+0000 (Coordinated Universal Time),Tue Oct 17 2023 14:52:47 GMT+0000 (Coordinated Universal Time),michael-witzenleiter-yvonne-teufel,gunnar-asmussen,"Heute sprechen wir mit Gunnar Asmussen, CMO & CTO von kurz-mal-weg,de, √ºber Experimentation bei Unternehmen mit weniger Traffic. ",https://audio.transistor.fm/m/shows/28592/da0f241195f4b44b3f9f453d4ef0a07b.mp3?download=testing-bei-kleineren-unternehmen,Tue Oct 17 2023 00:00:00 GMT+0000 (Coordinated Universal Time),1,,29,false,true,https://uploads-ssl.webflow.com/62446457cab48b69bf25195e/652e5a8d1e0739426709666c_Gunnar%20CRO.CAFE.png,"<p id="""">Gunnar Asmussen, CMO &amp; CTO von <a href=""http://kurz-mal-weg.de"">kurz-mal-weg,de</a>, spricht in dieser Folge √ºber seinen Wechsel in die Reisebranche und seine Best Practices im Testing. </p><p id="""">Au√üerdem kl√§rt er auf, ob es bei kleineren Unternehmen Sinn macht, A/B Tests zur Optimierung zu nutzen und worauf man dabei achten sollte. </p><p>‚Äç</p><p id="""">Viel Spa√ü beim H√∂ren! </p><p>‚Äç</p><p id=""""><strong>Gunnar's Tipps zum Thema CRO:</strong></p><ul id=""""><li>LinkedIn: Samuel Hess und Jakub Linowski</li><li><a href=""http://Goodui.org"" id="""">Goodui.org</a> &nbsp;</li><li><a href=""http://guessthetest.com"" id="""">guessthetest.com</a></li></ul><p>‚Äç</p>",,,,2025-01-10T20:38:14.600Z,0,,https://uploads-ssl.webflow.com/62446457cab48b69bf25195e/652e5a8d1e0739426709666c_Gunnar%20CRO.CAFE.png,
Welche Rolle Konsumpsychologie bei CRO einnimmt - mit Philipp Spreer,welche-rolle-konsumpsychologie-bei-cro-einnimmt-mit-philipp-spreer,62446457cab48b4f642519ed,65083627ea26dffb44307431,Mon Sep 18 2023 11:36:07 GMT+0000 (Coordinated Universal Time),Tue Sep 19 2023 07:15:01 GMT+0000 (Coordinated Universal Time),Mon Oct 16 2023 08:49:02 GMT+0000 (Coordinated Universal Time),michael-witzenleiter-yvonne-teufel,philipp-spreer,"Philipp Spreer, Managing Partner & Behavioral Strategist bei Elaboratum, spricht dar√ºber, welche Rolle Konsumpsychologie bei der CRO spielt.",https://audio.transistor.fm/m/shows/28592/3c4e8546989aaaf8cc50dbaea73b12e6.mp3?download=welche-rolle-konsumpsychologie-bei-cro-einnimmt-mit-philipp-spreer,Tue Sep 19 2023 00:00:00 GMT+0000 (Coordinated Universal Time),1,,28,false,true,https://uploads-ssl.webflow.com/62446457cab48b69bf25195e/650835f7ae97233033fc43ed_CRO.CAFE_Philipp_Titelbild.png,"<p id="""">Bei der Konsumpsychologie geht es vor allem darum, die Denkweise der Kunden nachzuvollziehen. Jeder m√∂chte gerne die Conversion Rate steigern, aber die Kunst besteht darin, diese langfristig zu steigern. Philipp Spreer, Managing Partner &amp; Behavioral Strategist bei Elaboratum, gibt in der neuesten Folge bekannt wie man mit Verhaltens√∂konomie strategisch arbeiten kann und wie Datenstrategie, Marketingtechnologie und Psychologie zu einer Disziplin verschmelzen. Neben seiner konsumpsychologischen Kenntnissen erz√§hlt er, wie man den Nachhaltigkeitsapsekt nicht aus den Augen verliert und wann sein Buch √ºber die drei Disziplinen MarTech, Datenstrategie und Psychologie herauskommt. </p><p id=""""><br></p><p id=""""><strong id="""">Philipp's Buch Tippas:</strong></p><ul id=""""><li id="""">Designing for Behavioral Change‚Äù von Stephen Wendel</li><li id="""">Decisions Over Decimals‚Äù von Christopher Frank: </li><li id="""">Wildcard von Philipp Spreer ab Oktober</li></ul><p>‚Äç</p>",,,,2025-01-10T20:38:14.600Z,0,,https://uploads-ssl.webflow.com/62446457cab48b69bf25195e/650835f7ae97233033fc43ed_CRO.CAFE_Philipp_Titelbild.png,
Testing-Kultur und Personalisierung bei Douglas mit Stane Zabot,testing-kultur-und-personalisierung-bei-douglas-mit-stane-zabot,62446457cab48b4f642519ed,64c7d50f9782973b4c6d6ab2,Mon Jul 31 2023 15:36:47 GMT+0000 (Coordinated Universal Time),Wed Aug 02 2023 16:45:25 GMT+0000 (Coordinated Universal Time),Wed Aug 02 2023 16:45:34 GMT+0000 (Coordinated Universal Time),michael-witzenleiter-yvonne-teufel,stane-zabot,"Stane Zabot, UX Manager bei Douglas, spricht dar√ºber, wie der Testingprozess bei Douglas aussieht und berichtet √ºber Zukunftsaussichten.",https://audio.transistor.fm/m/shows/28592/687ec6469dd544f2a2086b166a5726a7.mp3?download=testing-kultur-und-personalisierung-bei-douglas-mit-stane-zabot,Tue Aug 01 2023 00:00:00 GMT+0000 (Coordinated Universal Time),1,,27,false,true,https://uploads-ssl.webflow.com/62446457cab48b69bf25195e/64c7d4f2f453801f6fd2d666_Stane_CRO.CAFE%20Podcast.png,"<p id="""">Gerade bei gro√üen Unternehmen wie Douglas, die neben dem Einzelhandel auch Online eine starke Pr√§senz haben, lohnt sich A/B Testing besonders. Denn aufgrund des hohen Traffics kann unter optimalen Bedingungen getestet werden. Stane Zabot, UX Manager bei Douglas, ist verantwortlich f√ºr das A/B-Testing und Personalisierung bei Douglas. Er spricht dar√ºber, wie der Testingprozess bei ihnen aussieht und berichtet √ºber Zukunftsaussichten.</p><p id="""">Viel Spa√ü beim H√∂ren üéß</p><p id="""">Stane's Buch &amp; Podcast Tipps </p><ul id=""""><li>You should test that - Chris Goward</li><li>Less Ego More Data von Samuel Hess </li><li>OMR Education </li></ul>",,,,2025-01-10T20:38:14.600Z,0,,https://uploads-ssl.webflow.com/62446457cab48b69bf25195e/64c7d4f2f453801f6fd2d666_Stane_CRO.CAFE%20Podcast.png,
Wie KI die Zukunft des Marketings ver√§ndert mit Niklas Lewanczik,wie-ki-die-zukunft-des-marketings-verandert,62446457cab48b4f642519ed,64b63dcb165c02a76ba46fc8,Tue Jul 18 2023 07:22:51 GMT+0000 (Coordinated Universal Time),Tue Jul 18 2023 09:00:02 GMT+0000 (Coordinated Universal Time),Wed Aug 02 2023 16:45:34 GMT+0000 (Coordinated Universal Time),michael-witzenleiter-yvonne-teufel,niklas-lewanczik," Niklas Lewanczik, Redaktionsleiter bei Onlinemarketing.de, gibt Insider-News √ºber die Nutzung von KI im Marketing. ",https://audio.transistor.fm/m/shows/28592/4595f80cb7c62e04dde8ddc845175282.mp3?download=wie-ki-die-zukunft-des-marketings-verandert-mit-niklas-lewanczik,Tue Jul 18 2023 00:00:00 GMT+0000 (Coordinated Universal Time),1,,26,false,false,https://uploads-ssl.webflow.com/62446457cab48b69bf25195e/64b633a9d75c9b6615e6fcf7_Niklas%20Lewanczik_Website.png,"<p id="""">K√ºnstliche Intelligenz gewinnt immer mehr an Bedeutung. Der Durchbruch von ChatGPT hat uns gezeigt, wie sich unser Arbeitsalltag durch KI&nbsp;ver√§ndern wird. Niklas Lewanczik, Redaktionsleiter bei Onlinemarketing.de, kennt sich bestens mit der Thematik aus und gibt uns spannende Einblicke in die Arbeit mit K√ºnstlicher&nbsp;Intelligenz. Au√üerdem verr√§t er, welche n√ºtzliche Tools es momentan auf dem Markt gibt.</p><p id="""">Niklas's Empfehlungen:</p><ul id=""""><li>Blog von Open.ai</li><li>Blogs von Google (DeepMind)</li><li>AI Podcast von Videa&nbsp;&nbsp;</li></ul><p>‚Äç</p>",,,,2025-01-10T20:38:14.600Z,0,,https://uploads-ssl.webflow.com/62446457cab48b69bf25195e/64b633a9d75c9b6615e6fcf7_Niklas%20Lewanczik_Website.png,
E-Mail Marketing der Profis mit Jakob Gerzen,e-mail-marketing-der-profis-mit-jakob-gerzen,62446457cab48b4f642519ed,64a2ea3437363e9d03912cbd,Mon Jul 03 2023 15:33:08 GMT+0000 (Coordinated Universal Time),Tue Jul 04 2023 08:00:02 GMT+0000 (Coordinated Universal Time),Mon Jul 17 2023 14:14:24 GMT+0000 (Coordinated Universal Time),michael-witzenleiter-yvonne-teufel,jakob-gerzen,"Jakob Gerzen, CEO von More Conversions, verr√§t seine Geheimtipps f√ºr erfolgreiches E-Mail Marketing.",https://audio.transistor.fm/m/shows/28592/f06ff5b71af74b6fbfb5489ab0d860df.mp3?download=e-mail-marketing-der-profis-mit-jakob-gerzen,Tue Jul 04 2023 00:00:00 GMT+0000 (Coordinated Universal Time),1,,25,false,true,https://uploads-ssl.webflow.com/62446457cab48b69bf25195e/64a2e834c6d2d55ccdb7b6ff_Jakob%20Gerzen_Website.png,"<p id="""">Nach wie vor ist E-Mail Marketing einer der wichtigsten Kommunikationskan√§le von Unternehmen zum Kunden. Doch gibt es gro√üe Unterschiede in der Umsetzung. Jakob Gerzen hat 2019 seine eigene Agentur More Conversions gegr√ºndet. Wie er es immer wieder schafft, erfolgreiches E-Mail-Marketing von Kunden wie Snocks, Rosental oder live fresh zu betreiben, gibt er in der neusten Folge bekannt. Au√üerdem verr√§t er seine Geheimtipps und was man bei E-Mail Kampagnen unbedingt beachten sollte.<br><br><strong id="""">Buchempfehlungen von Jakob</strong>:</p><ul id=""""><li id="""">Conversion Code, Chris Smith</li><li id="""">Don't make me think, Steve King</li><li id="""">Kill your Conversion Killers, Joris Bryon</li></ul><p>‚Äç</p>",,,,2025-01-10T20:38:14.600Z,0,,https://uploads-ssl.webflow.com/62446457cab48b69bf25195e/64a2e834c6d2d55ccdb7b6ff_Jakob%20Gerzen_Website.png,
Hinter den Kulissen von dem Tech-Giganten Meta mit Michael Pietsch,hinter-den-kulissen-von-meta,62446457cab48b4f642519ed,64906208cf9ae75d6028816e,Mon Jun 19 2023 14:11:20 GMT+0000 (Coordinated Universal Time),Tue Jun 20 2023 07:30:01 GMT+0000 (Coordinated Universal Time),Mon Jul 03 2023 15:23:20 GMT+0000 (Coordinated Universal Time),michael-witzenleiter-yvonne-teufel,michael-pietsch,"Michael Pietsch, MarTech Ecosystem & Business Development Consultant bei Meta, berichtet √ºber spannende Insights und seine langj√§hrige Erfahrung bei Meta.",https://audio.transistor.fm/m/shows/28592/8529dde73b07b015934dfe2974ae8d13.mp3?download=hinter-den-kulissen-von-dem-tech-giganten-meta-mit-michael-pietsch,Tue Jun 20 2023 00:00:00 GMT+0000 (Coordinated Universal Time),1,,24,false,true,https://uploads-ssl.webflow.com/62446457cab48b69bf25195e/649061af8f5451a956a18c60_Michael%20Pietsch%20Meta.png,"<p id="""">K√ºnstliche Intelligenz gibt es schon l√§nger als viele denken. Es ist zwar erst seit kurzem unter anderem durch ChatGPT in aller Munde, allerdings wird KI in vielen Bereichen schon jahrelang genutzt und ist auch zuk√ºnftig nicht mehr wegzudenken. Michael Pietsch,&nbsp; MarTech Ecosystem &amp; Business Development Consultant bei Meta, hat bereits Kunden wie Zalando, About You und Otto Group im Paid Advertising Bereich betreut. In der neuesten Folge gibt er spannende Einblicke hinter die Kulissen von Meta und berichtet √ºber seine langj√§hrigen Erfahrungen in der Branche.</p><p>‚Äç</p><p id="""">Haben wir dich neugierig gemacht? Viel Spa√ü beim H√∂ren!</p><p>‚Äç</p><p id=""""><strong>Podcast und Newsletter Empfehlungen:</strong></p><ul id=""""><li>Doppelg√§nger Podcast</li></ul><p>‚Äç</p>",,,,2025-01-10T20:38:14.600Z,0,,https://uploads-ssl.webflow.com/62446457cab48b69bf25195e/649061af8f5451a956a18c60_Michael%20Pietsch%20Meta.png,
User Research: Wie Nutzerforschung hilft die Conversions zu steigern,user-research-wie-nutzerforschung-hilft-die-conversions-zu-steigern,62446457cab48b4f642519ed,647df4c02761ca627ed6492d,Mon Jun 05 2023 14:44:16 GMT+0000 (Coordinated Universal Time),Tue Jun 06 2023 08:00:47 GMT+0000 (Coordinated Universal Time),Tue Jun 06 2023 12:49:07 GMT+0000 (Coordinated Universal Time),michael-witzenleiter-yvonne-teufel,johanna-mertens,"Johanna Mertens, CRO Managerin bei Villeroy & Boch, teilt ihr Fachwissen im Bereich User Research und erkl√§rt, wie man mit CRO seine Ziele nachhaltig erreicht.",https://audio.transistor.fm/m/shows/28592/6a2bc4d6cbe7b741205010611d661978.mp3?download=user-research-wie-nutzerforschung-hilft-die-conversions-zu-steigern,Tue Jun 06 2023 00:00:00 GMT+0000 (Coordinated Universal Time),1,,23,false,true,https://uploads-ssl.webflow.com/62446457cab48b69bf25195e/647df44a0dca17b257ade6f1_CRO.CAFE%20Podcast%20Johanna%20Mertens.png,"<p>Mittlerweile hat sich A/B-Testing und User Research in der Marketingbranche fest etabliert. Allerdings untersch√§tzen manche Unternehmen noch immer die Wichtigkeit von CRO. Wie Johanna Mertens, CRO Managerin bei Villeroy &amp; Boch, es geschafft hat, die Gesch√§ftsprozesse zu optimieren, das Potenzial der Conversion-Optimierung zu nutzen, um somit die User Experience deutlich zu verbessern, erz√§hlt sie uns in dieser Folge. Zudem verr√§t sie, wie man Hindernisse √ºberwindet, um aus allen Situationen das Maximum herauszuholen.</p>",,,,2025-01-10T20:38:14.600Z,0,,https://uploads-ssl.webflow.com/62446457cab48b69bf25195e/647df44a0dca17b257ade6f1_CRO.CAFE%20Podcast%20Johanna%20Mertens.png,
E-Mail Marketing: Grundlegende Tipps und Tricks mit Torsten Schwarz,e-mail-marketing-grundlegende-tipps-und-tricks-mit-torsten-schwarz,62446457cab48b4f642519ed,646ca354ff116e0e6d79bbef,Tue May 23 2023 11:28:20 GMT+0000 (Coordinated Universal Time),Tue May 23 2023 11:28:51 GMT+0000 (Coordinated Universal Time),Tue May 23 2023 12:12:30 GMT+0000 (Coordinated Universal Time),michael-witzenleiter-yvonne-teufel,torsten-schwarz,"Torsten Schwarz, CEO der Marketing-B√∂rse, erkl√§rt die Grundlagen des E-Mail Marketings und wie man es schafft seine Kunden zu √ºberzeugt.",https://audio.transistor.fm/m/shows/28592/c61879055151e0b1be70a464ed85cea8.mp3?download=e-mail-marketing-grundlegende-tipps-und-tricks-mit-torsten-schwarz,Tue May 23 2023 00:00:00 GMT+0000 (Coordinated Universal Time),1,,22,false,false,https://uploads-ssl.webflow.com/62446457cab48b69bf25195e/646c8967a2f66e4db24108e9_Titelbild%20Website%20Torsten%20Schwarz.png,"<p id="""">Newsletter und Mails sind wichtige Instrumente im Marketing eines erfolgreichen Unternehmens. Dabei gibt es einige Dinge zu beachten, um die Leser erst zum √ñffnen von Mails und schlie√ülich zum Interagieren zu bewegen. Wie erregt man die Aufmerksamkeit und Interesse in der Betreffzeile, wie oft sollte man eine Mail versenden und welcher Inhalt kommt gut an? All das verr√§t uns Torsten Schwarz, CEO der <a href=""https://www.marketing-boerse.de/"" id=""""><strong id="""">Marketing-B√∂rse</strong></a> &amp; Egypt-Business Directory, in der heutigen Folge.<br><br><strong id="""">Torstens Buch Empfehlungen zu E-Mail Marketing:</strong></p><ul id=""""><li id="""">Leitfaden Personalisierung - Mehr Umsatz mit Marketing Automation von Gabriele Braun und Torsten Schwarz</li><li id="""">Start-up Nation: The Story of Israel's Economic Miracle von Dan Senor und Saul Singer</li><li id="""">Start-up Nation Israel: Was wir vom innovativsten Land der Welt lernen k√∂nnen von Dan Senor und Saul Singer</li></ul><p>‚Äç</p>",,,,2025-01-10T20:38:14.600Z,0,,https://uploads-ssl.webflow.com/62446457cab48b69bf25195e/646c8967a2f66e4db24108e9_Titelbild%20Website%20Torsten%20Schwarz.png,
Conversion Rate Optimierung bei Premium- und High Brands,conversion-rate-optimierung-bei-premium-und-high-brands,62446457cab48b4f642519ed,641f5d9510d171afaef4da63,Sat Mar 25 2023 20:46:13 GMT+0000 (Coordinated Universal Time),Tue May 02 2023 11:55:58 GMT+0000 (Coordinated Universal Time),Tue May 23 2023 08:49:38 GMT+0000 (Coordinated Universal Time),michael-witzenleiter-yvonne-teufel,fabian-hans,"Fabian Hans, Gr√ºnder von Cogniteer & Dozent f√ºr CRO, UX-Methoden & Psychologie, spricht √ºber den Stellenwert von CRO bei High Brands.",https://audio.transistor.fm/m/shows/28592/710491b0187a283005fdc2d0936a68e2.mp3,Tue Mar 28 2023 00:00:00 GMT+0000 (Coordinated Universal Time),1,,19,false,false,https://uploads-ssl.webflow.com/62446457cab48b69bf25195e/6450cf344af516df5e787a4f_Fabian%20Hans_20.png,"<p>In unserer neusten Episode sprechen wir mit Fabian Hans, Gr√ºnder von Cogniteer &amp; Dozent f√ºr CRO, UX-Methoden &amp; Psychologie, √ºber den Stellenwert von CRO bei High Brands und vor welchen Herausforderungen sie bei der Optimierung ihres Online-Shops stehen. Zudem verr√§t Fabian seine Top-Hacks, um die Conversion Rate positiv zu beeinflussen.</p><p>‚Äç</p><p id="""">B√ºcher Empfehlungen:</p><ul id=""""><li><strong>Hooked: How to Build Habit-Forming Products</strong> von Nir Eyal</li><li><strong>Momentum - Die Kraft, die Werbung heute braucht</strong> von Holger Jung</li><li><strong>Made to Stick: Why Some Ideas Survive and Others Die</strong> von Chip Heath &amp; Dan Heath</li></ul>",,,,2025-01-10T20:38:14.600Z,0,,https://uploads-ssl.webflow.com/62446457cab48b69bf25195e/6450cf344af516df5e787a4f_Fabian%20Hans_20.png,
How qualitative data improves your CRO strategy,how-qualitative-data-improves-your-cro-strategy,62446457cab48b4f642519ed,6450cc24b9a9a95d9b09f5a5,Tue May 02 2023 08:39:00 GMT+0000 (Coordinated Universal Time),Tue May 02 2023 08:49:11 GMT+0000 (Coordinated Universal Time),Tue May 02 2023 08:49:18 GMT+0000 (Coordinated Universal Time),michael-witzenleiter-yvonne-teufel,scott-voigt,"Today we are talking with Scott Voigt, co-founder and CEO of Fullstory about how qualitative data analysis helps you to drive conversions",https://audio.transistor.fm/m/shows/28592/8a2a2524c5d63c7c70f5c49086aff924.mp3?download=how-qualitative-data-improves-your-cro-strategy,Tue May 02 2023 00:00:00 GMT+0000 (Coordinated Universal Time),1,,21,true,true,https://uploads-ssl.webflow.com/62446457cab48b69bf25195e/6450ce83a00bb52af5aad26c_Scott%20Voigt.png,"<p id="""">Qualitative vs. quantitative data analysis - today we are talking with <a href=""https://www.linkedin.com/in/scottmvoigt/"" id="""">Scott Voigt</a>, co-founder and CEO of<a href=""https://www.fullstory.com/"" id=""""> Fullstory</a> about how qualitative data analysis helps you to drive conversions. Scott tells us why a solid data basis is so important for optimizing websites or apps and how a digital experience intelligence platform can help you optimize your conversion rate. He also talks about current trends in customer journey optimization.</p><p id=""""><br></p><p id="""">Of course, we asked Scott for book recommendations - here are his tips:</p><ul><li><strong>Working Backwards, </strong>Colin Bryar, Bill Carr </li></ul><ul id=""""><li id=""""><strong id="""">Who: The A Method for Hiring, </strong>von Geoff Smart, Randy Street</li></ul><p id="""">‚Äç</p>",,,,2025-01-10T20:38:14.600Z,0,,https://uploads-ssl.webflow.com/62446457cab48b69bf25195e/6450ce83a00bb52af5aad26c_Scott%20Voigt.png,
Multi Funnel Testing: Einer der Geheimwaffen in der Conversion Rate Optimierung,multi-funnel-testing-einer-der-geheimwaffen-in-der-conversion-rate-optimierung,62446457cab48b4f642519ed,6410eafd48723d5e3f13735f,Tue Mar 14 2023 21:45:33 GMT+0000 (Coordinated Universal Time),Wed Mar 15 2023 08:00:02 GMT+0000 (Coordinated Universal Time),Sat Mar 25 2023 20:46:40 GMT+0000 (Coordinated Universal Time),michael-witzenleiter-yvonne-teufel,carl-weische,"Carl Weische, CO-Founder von ACCELERATED, verr√§t f√ºr wen und in welchem Zeitraum Multi Funnel Testing sinnvoll ist.",https://audio.transistor.fm/m/shows/28592/487f4e40f7895bd97e7c56b327e727ed.mp3,Wed Mar 15 2023 00:00:00 GMT+0000 (Coordinated Universal Time),1,,19,false,true,https://uploads-ssl.webflow.com/62446457cab48b69bf25195e/6410ea7106c057eb859a5336_Titelbild_Carl%20Weische_LP.png,"<p id="""">Warum sich bei der Conversion Rate Optimierung auf eine bestimmte Seite beschr√§nken, wenn man den kompletten Funnel testen kann? Multi Funnel Testing ist einer der effizientesten Wege, die Performance deines Marketing Funnels zu verbessern und eine Verbesserungsrate von 10 - 20 % zu erreichen. Ob sich das f√ºr jeden lohnt und wann der beste Zeitraum daf√ºr ist, verr√§t uns Carl Weische, CO-Founder von ACCELERATED. Au√üerdem teilt er seine Meinung zum aktuellen Trend-Thema KI im Online-Marketing.</p><p>‚Äç</p><p id="""">Haben wir dich neugierig gemacht? Viel Spa√ü beim H√∂ren!</p><p>‚Äç</p>",,,,2025-01-10T20:38:14.600Z,0,,https://uploads-ssl.webflow.com/62446457cab48b69bf25195e/6410ea7106c057eb859a5336_Titelbild_Carl%20Weische_LP.png,
SEO Basics & Trends mit Malte Landwehr von idealo,seo-basics-trends-mit-malte-landwehr-von-idealo,62446457cab48b4f642519ed,63fcdce4e9d0a99695a02449,Mon Feb 27 2023 16:40:04 GMT+0000 (Coordinated Universal Time),Tue Feb 28 2023 09:00:25 GMT+0000 (Coordinated Universal Time),Tue Feb 28 2023 09:00:25 GMT+0000 (Coordinated Universal Time),michael-witzenleiter-yvonne-teufel,malte-landwehr,"Malte Landwehr, Head of SEO bei idealo, gibt interessante Einblicke in die SEO-Welt und spricht √ºber aktuelle SEO-Trends. ",https://audio.transistor.fm/m/shows/28592/c917563608f044e60b1fb796bceea19b.mp3,Tue Feb 28 2023 00:00:00 GMT+0000 (Coordinated Universal Time),1,,18,false,true,https://uploads-ssl.webflow.com/62446457cab48b69bf25195e/63fcdc1227f4220abe06cade_Malte%20Landwehr_idealo_WB.png,"<p id="""">Das Internet ist riesig und w√§chst sek√ºndlich. SEO hilft Unternehmen dabei, auffindbarer zu werden - doch ist das wirklich f√ºr jeden relevant? Heutiger Gast Malte Landwehr, Head of SEO bei idealo verr√§t uns seine Basic SEO-Tipps, Meinung √ºber KI-generierten Content in Zusammenhang mit SEO und wie die Zukunft von Suchmaschinen aussehen k√∂nnte. Au√üerdem erfahrt ihr die Hintergr√ºnde, wie Malte auf den Beruf im SEO-Bereich gesto√üen ist und was ihn daran begeistert.<br></p><p id="""">Viel Spa√ü beim H√∂ren!<br><br><strong id="""">Malte‚Äôs SEO-Podcast Empfehlungen:</strong></p><ul id=""""><li id="""">SEOPRESSO Podcast von Bj√∂rn Darko</li><li id="""">OMT-Podcast von Mario Jung</li><li id="""">#SEODRIVEN von Christian B. Schmidt</li></ul><p>‚Äç</p>",,,,2025-01-10T20:38:14.600Z,0,,https://uploads-ssl.webflow.com/62446457cab48b69bf25195e/63fcdc1227f4220abe06cade_Malte%20Landwehr_idealo_WB.png,
Personalisierung: Kurzfristiger Hype oder echtes Potenzial?,personalisierung-kurzfristiger-hype-oder-echtes-potenzial,62446457cab48b4f642519ed,62debfbf0090a05d9e533854,Mon Jul 25 2022 16:07:27 GMT+0000 (Coordinated Universal Time),Wed Feb 15 2023 15:53:48 GMT+0000 (Coordinated Universal Time),Mon Feb 27 2023 16:40:16 GMT+0000 (Coordinated Universal Time),michael-witzenleiter-yvonne-teufel,timo-von-focht,In dieser Folge diskutieren wir mit Timo √ºber die Relevanz von Personalisierung im E-Commerce und was ihr f√ºr eine erfolgreiche Personalisierung ben√∂tigt.,https://cdn.transistor.fm/file/transistor/m/shows/28592/ddf1cbaf886600b817fe8c6af6971d25.mp3,Tue Jul 26 2022 00:00:00 GMT+0000 (Coordinated Universal Time),1,,5,false,false,https://uploads-ssl.webflow.com/62446457cab48b69bf25195e/62f21c5fbdadc8d668bfce5b_Timo_CRO-Cafe_Titelbild_Lang.png,"<p id="""">Laut einer <a href=""https://www.accenture.com/us-en/services/interactive/propelling-growth-personalization"" id="""">Studie von Accenture</a> sind 91 % der Verbraucher eher bereit bei Shops einzukaufen, die individuelle und personalisierte Angebote bieten. Dies zeigt, dass Online-K√§ufer heutzutage ein personalisiertes Einkaufserlebnis erwarten.</p><p id="""">In dieser Folge diskutieren wir mit Timo von Focht,&nbsp;DACH Country Lead bei Mixpanel,&nbsp;√ºber die Relevanz von Personalisierung im E-Commerce und was ihr f√ºr eine erfolgreiche Personalisierung ben√∂tigt. <br></p><p id="""">Viel Spa√ü beim H√∂ren! </p><p id="""">‚Äç</p>",,,,2025-01-10T20:38:14.600Z,0,,https://uploads-ssl.webflow.com/62446457cab48b69bf25195e/62f21c5fbdadc8d668bfce5b_Timo_CRO-Cafe_Titelbild_Lang.png,
Content Experience - Das neue It-Piece in der Conversion Rate Optimierung?,content-experience-das-neue-it-piece-in-der-conversion-rate-optimierung,62446457cab48b4f642519ed,63296d8b8d782a5b10dd42f8,Tue Sep 20 2022 07:36:43 GMT+0000 (Coordinated Universal Time),Wed Feb 15 2023 15:40:26 GMT+0000 (Coordinated Universal Time),Wed Feb 15 2023 15:41:50 GMT+0000 (Coordinated Universal Time),michael-witzenleiter-yvonne-teufel,fionn-kientzler,"Welchen Stellenwert hat Content in der Conversion Rate Optimierung? Dar√ºber sprechen wir mit Fionn Kientzler, Managing Partner bei Suxeedo.",https://cdn.transistor.fm/file/transistor/m/shows/28592/8efe2a244bcd5e99f68eea72d1af5525.mp3,Wed Sep 21 2022 00:00:00 GMT+0000 (Coordinated Universal Time),1,,9,false,false,https://uploads-ssl.webflow.com/62446457cab48b69bf25195e/633ee6b5e37b176aeae2642d_CRO-Cafe_Titelbild_Lang.png,"<p id="""">Welchen Stellenwert hat Content in der Conversion Rate Optimierung? Dar√ºber sprechen wir mit Fionn Kientzler, Managing Partner bei Suxeedo, einer der f√ºhrenden Content Experience Agenturen mit 50 Mitarbeitern aus Berlin. Fionn erz√§hlt euch alles, was ihr √ºber Content Experience wissen m√ºsst und warum Texte essenziell f√ºr eine gute Customer Experience sind. Haben wir dich neugierig gemacht? Dann h√∂rt direkt rein! &nbsp; &nbsp; </p><p>‚Äç</p><p id="""">Viel Spa√ü beim H√∂ren! </p><p id=""""><br></p><p id=""""><strong>Hier findet ihr die Buchtipps von Fionn: </strong></p><p id="""">Content der performt‚Äò - Whitepaper von Searchmetics in Kooperation mit Suxeedo</p><p id="""">PsyConversion - Dr. Philip Spreer</p><p id="""">Bottlenecks - David Evans</p><p id="""">The Psychology of Persuasion - Robert B. Cialdini</p><p>‚Äç</p>",,,,2025-01-10T20:38:14.600Z,0,,https://uploads-ssl.webflow.com/62446457cab48b69bf25195e/633ee6b5e37b176aeae2642d_CRO-Cafe_Titelbild_Lang.png,
"Data Power for the people - Daten dorthin bringen, wo sie gebraucht werden",data-power-for-the-people,62446457cab48b4f642519ed,6304948901688a52989f6283,Tue Aug 23 2022 08:49:13 GMT+0000 (Coordinated Universal Time),Wed Feb 15 2023 15:41:30 GMT+0000 (Coordinated Universal Time),Wed Feb 15 2023 15:41:50 GMT+0000 (Coordinated Universal Time),michael-witzenleiter-yvonne-teufel,dr-tim-wiegels,In dieser Folge sprechen wir mit Tim Wiegels √ºber die aktuellen Trends im Bereich Daten und welche ihr davon auf jeden Fall verfolgen solltet.,https://cdn.transistor.fm/file/transistor/m/shows/28592/96bd052ce20f5d584fac8c41852616d9.mp3,Tue Aug 23 2022 00:00:00 GMT+0000 (Coordinated Universal Time),1,,7,false,false,https://uploads-ssl.webflow.com/62446457cab48b69bf25195e/63ecfd28d8b66dd3341296cb_CRO-Cafe_Titelbild_Lang_Tim%20Wiegels.png,"<p id="""">Wenns um Daten geht ist Tim Wiegels, VP Data bei FREE NOW, immer der richtige Ansprechpartner - deshalb haben wir ihn zu unserem Podcast eingeladen. </p><p id="""">In dieser Folge sprechen wir √ºber die aktuellen Trends und welche davon ihr auf jeden Fall verfolgen solltet. Tim erkl√§rt wann Real-Time Daten wirklich sinnvoll sind und welche Tools seiner Meinung nach ein Must-have sind. </p><p id="""">Wer mit Daten arbeitet oder sich f√ºr das Thema interessiert sollte diese Folge nicht verpassen! </p><p>Viel Spa√ü beim H√∂ren! </p><p>‚Äç</p>",,,,2025-01-10T20:38:14.600Z,0,,https://uploads-ssl.webflow.com/62446457cab48b69bf25195e/63ecfd28d8b66dd3341296cb_CRO-Cafe_Titelbild_Lang_Tim%20Wiegels.png,
Inhouse vs. Agentur - Was macht mehr Sinn?,inhouse-vs-agentur-was-macht-mehr-sinn,62446457cab48b4f642519ed,62f213691ca43f26c88742de,Tue Aug 09 2022 07:57:29 GMT+0000 (Coordinated Universal Time),Wed Feb 15 2023 15:41:41 GMT+0000 (Coordinated Universal Time),Wed Feb 15 2023 15:41:50 GMT+0000 (Coordinated Universal Time),michael-witzenleiter-yvonne-teufel,thomas-gruhle,"Wir sprechen mit Thomas Gruhle dar√ºber, wie eine Agentur bei der Conversion Rate Optimierung unterst√ºtzen kann.",https://cdn.transistor.fm/file/transistor/m/shows/28592/c497f40022fec41ac122a510c540880d.mp3,Tue Aug 09 2022 00:00:00 GMT+0000 (Coordinated Universal Time),1,,7,false,false,https://uploads-ssl.webflow.com/62446457cab48b69bf25195e/62fe2b81a8a3e957d1874d47_CRO-Cafe_Titelbild_Lang.png,"<p id="""">CRO ist ein zentraler Wertsch√∂pfungsprozess, der in jedem Unternehmen eine hohe Priorit√§t haben sollte. Oftmals fehlen jedoch die n√∂tigen Ressourcen. Regelm√§√üig gibt es Diskussionen dar√ºber, ob es sinnvoll ist, die Betreuung seines CRO-Programms auszulagern. Dabei gehen die Meinungen jedoch sehr weit auseinander. </p><p id="""">Wir sprechen mit Thomas Gruhle, Founder &amp; CEO von LEAP, dar√ºber, wie eine Agentur bei der Conversion Optimierung unterst√ºtzen kann und welche Kriterien f√ºr die Entscheidungsfindung wichtig ist.</p><p id="""">Viel Spa√ü beim H√∂ren!</p><p id="""">‚Äç</p>",,,,2025-01-10T20:38:14.600Z,0,,https://uploads-ssl.webflow.com/62446457cab48b69bf25195e/62fe2b81a8a3e957d1874d47_CRO-Cafe_Titelbild_Lang.png,
Best from southwest - Social Media Advertising mit Florian Litterst,social-media-advertising-mit-florian-litterst,62446457cab48b4f642519ed,63165f6946d53f5227f4fad1,Mon Sep 05 2022 20:43:21 GMT+0000 (Coordinated Universal Time),Wed Feb 15 2023 15:40:54 GMT+0000 (Coordinated Universal Time),Wed Feb 15 2023 15:41:50 GMT+0000 (Coordinated Universal Time),michael-witzenleiter-yvonne-teufel,florian-litterst,"Florian Litterst, Experte f√ºr Social Media Ads, teilt seine wertvollen Tipps, um eine erfolgreiche Performance Marketing Kampagnen zu erstellen. ",https://cdn.transistor.fm/file/transistor/m/shows/28592/5bea6f675f6c8111e495575c04ed6d63.mp3,Tue Sep 06 2022 00:00:00 GMT+0000 (Coordinated Universal Time),1,,8,false,true,https://uploads-ssl.webflow.com/62446457cab48b69bf25195e/63165e95674e055381d2105e_Florian%20Litterst_Spotify.png,"<p id="""">Social Media Advertising hat mittlerweile einen enormen Stellenwert in den meisten Unternehmen. Deshalb haben wir f√ºr diese Episode Florian Litterst, Gr√ºnder von Adsventure GmbH &amp; Experte f√ºr das Thema Social Media Ads, eingeladen. Seid gespannt auf wertvolle Tipps, um eine erfolgreiche Kampagne zu erstellen und erfahrt, warum ihr den meisten Effort in eure Creatives stecken solltet. Euer Ziel sollte es sein, mit allem, was ihr macht, messbare Ergebnisse zu erzielen - und wie schaffst du das? Sei da, wo deine Zielgruppe ist!</p><p id="""">Viel Spa√ü beim H√∂ren!</p><p>‚Äç</p>",,,,2025-01-10T20:38:14.600Z,0,,https://uploads-ssl.webflow.com/62446457cab48b69bf25195e/63165e95674e055381d2105e_Florian%20Litterst_Spotify.png,
"Psychologische Trigger, die zu mehr Klicks f√ºhren",trigger-die-zu-mehr-klicks-fuhren,62446457cab48b4f642519ed,633c4048e97cc1f929f84b82,Tue Oct 04 2022 14:16:40 GMT+0000 (Coordinated Universal Time),Wed Feb 15 2023 15:39:40 GMT+0000 (Coordinated Universal Time),Wed Feb 15 2023 15:39:48 GMT+0000 (Coordinated Universal Time),michael-witzenleiter-yvonne-teufel,matthias-niggehoff,Dich interessieren die Themen Psychologie und Neuromarketing? Dann solltest du in diese Episode mit dem Verkaufspsychologen Matthias Niggehoff reinh√∂ren!,https://cdn.transistor.fm/file/transistor/m/shows/28592/dc716fec2a4220a4e38533a06dbeaf27.mp3,Tue Oct 04 2022 00:00:00 GMT+0000 (Coordinated Universal Time),1,,10,false,false,https://uploads-ssl.webflow.com/62446457cab48b69bf25195e/63ecfcb70843551a81c03496_CRO%20CAFE_Matthias%20Niggehoff.png,"<p id="""">Dich interessieren die Themen Psychologie und Neuromarketing? Dann solltest du unbedingt in diese Episode reinh√∂ren. Zu Gast ist heute Matthias Niggehoff, studierter Psychologe, der schon seit √ºber 10 Jahren Unternehmen in Bereich der Verkaufspsychologie unterst√ºtzt. Fokus liegt in dieser Folge auf dem Thema Neuromarketing. Welche Website-Elemente und Call-to-actions aktivieren bestimmte Gehirnbereiche, um eine schnellere Kaufentscheidung des Kunden herbeizuf√ºhren? Was sind Klassiker und was mittlerweile √ºberholt? Und warum gewinnt die ‚Äû√úber uns‚Äú-Seite immer mehr an Bedeutung? Das alles werden wir heute beantworten.</p><p id="""">Viel Spa√ü beim H√∂ren!</p>",,,,2025-01-10T20:38:14.600Z,0,,https://uploads-ssl.webflow.com/62446457cab48b69bf25195e/63ecfcb70843551a81c03496_CRO%20CAFE_Matthias%20Niggehoff.png,
"7 Tipps aus dem Neuromarketing, die deine Conversions auf ein neues Level heben",7-tipps-aus-dem-neuromarketing,62446457cab48b4f642519ed,62ba0c274b2568f36942dfe7,Mon Jun 27 2022 19:59:35 GMT+0000 (Coordinated Universal Time),Wed Feb 15 2023 15:32:12 GMT+0000 (Coordinated Universal Time),Wed Feb 15 2023 15:33:46 GMT+0000 (Coordinated Universal Time),michael-witzenleiter-yvonne-teufel,ilja-gurevich,"Ilja Gurevich verr√§t euch, wie ihr konsumpsychologische Trigger bestm√∂glich nutzen k√∂nnt, um neue Textideen zu entwickeln und eure Conversions zu steigern.",https://cdn.transistor.fm/file/transistor/m/shows/28592/e1d9c78b17d00b1337a35cc2146a808a.mp3,Tue Jun 28 2022 00:00:00 GMT+0000 (Coordinated Universal Time),1,,3,false,false,https://uploads-ssl.webflow.com/62446457cab48b69bf25195e/62816a24f8899c2e3eb9edd5_Square-logoen%20(2).png,"<p>In dieser Folge diskutieren wir mit Ilja Gurevich, wie ihr konsumpsychologische Trigger bestm√∂glich nutzen k√∂nnt, um neue Testideen zu entwickeln und die Kaufentscheidung eurer Kunden positiv zu beeinflussen. Zudem teilt er seine sieben Tipps aus dem Neuromarketing, damit auch ihr eure Conversion Rate noch weiter steigern k√∂nnt.</p><p>Viel Spa√ü beim H√∂ren! </p><p>‚Äç</p><p>F√ºr alle, die nicht mitgeschrieben haben, findet ihr hier die Auflistung der 7 Tipps:<br></p><ol><li>Kommuniziere egozentrisch</li><li>Kontrast</li><li>Greifbar</li><li>Beginn und Ende</li><li>Emotionen √ºber Fakten</li><li>Social Proof</li><li>Motivation / Cheering</li></ol><p>‚Äç</p>",,,,2025-01-10T20:38:14.600Z,0,,https://uploads-ssl.webflow.com/62446457cab48b69bf25195e/62816a24f8899c2e3eb9edd5_Square-logoen%20(2).png,
Daten sind der Schl√ºssel zum Erfolg,daten-sind-der-schlussel-zum-erfolg,62446457cab48b4f642519ed,62cc8c6af08ca91453284142,Mon Jul 11 2022 20:47:38 GMT+0000 (Coordinated Universal Time),Wed Feb 15 2023 15:32:17 GMT+0000 (Coordinated Universal Time),Wed Feb 15 2023 15:33:46 GMT+0000 (Coordinated Universal Time),michael-witzenleiter-yvonne-teufel,karsten-wesch,In dieser Folge sprechen wir mit Karsten Wesch von moebel.de √ºber die systematische Nutzung von Daten bei der Optimierung.,https://cdn.transistor.fm/file/transistor/m/shows/28592/be007efccedcf0ef33af7b35dac73546.mp3,Tue Jul 12 2022 00:00:00 GMT+0000 (Coordinated Universal Time),1,,4,false,false,https://uploads-ssl.webflow.com/62446457cab48b69bf25195e/62816a24f8899c2e3eb9edd5_Square-logoen%20(2).png,"<p id="""">In dieser Folge sprechen wir mit Karsten Wesch von moebel.de √ºber die systematische Nutzung von Daten bei der Optimierung. Als Head of Business Intelligence verr√§t er euch, wie bei moebel.de Daten zur Entscheidungsfindung genutzt werden und gibt euch Tipps, wie auch ihr durch datengest√ºtztes Handeln noch effizienter arbeiten k√∂nnt. </p><p id="""">‚Äç</p><p id="""">Good to know:</p><p id="""">Das Team sucht momentan nach Verst√§rkung - wenn ihr Lust auf eine neue Herausforderung in einem erfolgreichen, datengetrieben Unternehmen habt, schaut gerne in die Ausschreibungen! Vielleicht ist das passende f√ºr euch dabei!</p><p id=""""><a href=""https://moebel-de.jobs.personio.de/job/743531?display=de"" id=""""><strong id="""">Junior Data Engineer<br>‚Äç</strong></a><strong id="""">‚Äç</strong><a href=""https://moebel-de.jobs.personio.de/job/741804?display=de"" id=""""><strong id="""">Head of Software Engineering<br>‚Äç</strong></a><strong id="""">‚Äç</strong><a href=""https://moebel-de.jobs.personio.de/job/736048?display=de"" id=""""><strong id="""">Head of App</strong></a></p>",,,,2025-01-10T20:38:14.600Z,0,,https://uploads-ssl.webflow.com/62446457cab48b69bf25195e/62816a24f8899c2e3eb9edd5_Square-logoen%20(2).png,
Daten und Kreativit√§t - eine geniale Kombination beim Testing,daten-und-kreativitat-eine-geniale-kombination-beim-testing,62446457cab48b4f642519ed,634e5d84ef777f8435a18773,Tue Oct 18 2022 08:02:12 GMT+0000 (Coordinated Universal Time),Wed Feb 15 2023 15:33:09 GMT+0000 (Coordinated Universal Time),Wed Feb 15 2023 15:33:46 GMT+0000 (Coordinated Universal Time),michael-witzenleiter-yvonne-teufel,samuel-hess,"Wir sprechen mit Samuel Hess, Spezialist im Bereich A/B-Testing und Gr√ºnder von DRIP Agency, √ºber zahlreiche Beispiele und Tipps rund um das Thema Testing.",https://cdn.transistor.fm/file/transistor/m/shows/28592/016b868b8f6cdcf4aa9f6c2df21bd92a.mp3,Tue Oct 18 2022 00:00:00 GMT+0000 (Coordinated Universal Time),1,,11,false,false,https://uploads-ssl.webflow.com/62446457cab48b69bf25195e/634e512fce1617742ad2af35_CRO-Cafe_Titelbild_Spotify2.png,"<p id="""">Daten zeigen uns Probleme auf, die L√∂sungen entstehen jedoch bei uns im Kopf. Dabei spielt Kreativit√§t eine wichtige Rolle. F√ºr diese Folge haben wir Samuel Hess zu Gast, Spezialist im Bereich A/B-Testing und Gr√ºnder von DRIP Agency. Freut euch auf zahlreiche Beispiele und Tipps rund um das Thema Testing - bestimmt k√∂nnt ihr das ein oder andere auch auf euren Shop √ºbertragen. Au√üerdem sprechen wir √ºber Mental Health im Job. </p><p id="""">Viel Spa√ü beim H√∂ren! </p><p>‚Äç</p>",,,,2025-01-10T20:38:14.600Z,0,,https://uploads-ssl.webflow.com/62446457cab48b69bf25195e/634e512fce1617742ad2af35_CRO-Cafe_Titelbild_Spotify2.png,
Gelungener Markenaufbau - von gescheiterten Start-ups zum gr√∂√üten online Sexshop der Schweiz,gelungener-markenaufbau,62446457cab48b4f642519ed,63d7d0672ff2d39fa11e9933,Mon Jan 30 2023 14:12:55 GMT+0000 (Coordinated Universal Time),Wed Feb 15 2023 15:33:41 GMT+0000 (Coordinated Universal Time),Wed Feb 15 2023 15:33:46 GMT+0000 (Coordinated Universal Time),michael-witzenleiter-yvonne-teufel,alan-frei,Alan Frei verr√§t wie man eine Marke erfolgreich aufbaut und wie er es geschafft hat Amorana als erfolgreichster Schweizer Online-Sexshop zu etablieren.,https://cdn.transistor.fm/file/transistor/m/shows/28592/140199510f93a278c4cdc927831b0c13.mp3,Tue Jan 31 2023 00:00:00 GMT+0000 (Coordinated Universal Time),1,,16,false,false,https://uploads-ssl.webflow.com/62446457cab48b69bf25195e/63d7ce9772582a1697cba7b2_CRO-Cafe_Titelbild_Lang.png,"<p id="""">Der Aufbau einer Marke ist facettenreich und komplex. Viele Dinge m√ºssen gleichzeitig funktionieren, damit die Marke erfolgreich aufgebaut wird. Doch wie geht man am besten vor, damit nichts untergeht? Heutiger Gast ist <a href=""https://www.linkedin.com/in/alanfrei/"">Alan Frei</a>, CMO von Amorana, erfahrener Gr√ºnder und Experte im Markenaufbau. In dieser Episode spricht Alan dar√ºber, wie er es geschafft hat, Amorana erfolgreich aufzubauen und was er im Vergleich zu den vorherigen erfolglosen Start-ups anders gemacht hat. Au√üerdem verr√§t er die wichtigsten Marketingkan√§le, um Aufmerksamkeit zu generieren, seine Top 3 Learnings und gibt kleine Einblicke in sein Leben als Minimalist. </p><p id="""">Haben wir dich neugierig gemacht? Viel Spa√ü beim H√∂ren! üéß<br><br><strong id="""">Alan's Buchtipps:</strong></p><ul id=""""><li id="""">Oversubscribed, Daniel Priestley</li><li id="""">Purple Cow, Seth Godin</li><li id="""">Blitzscaling, Reid Hoffman and Chris Yeh</li></ul><p id="""">‚Äç</p>",,,,2025-01-10T20:38:14.600Z,0,,https://uploads-ssl.webflow.com/62446457cab48b69bf25195e/63d7ce9772582a1697cba7b2_CRO-Cafe_Titelbild_Lang.png,
Growth Mindset: Scheitern ist einer der wichtigsten Schritte zum Erfolg,growth-mindset-scheitern-ist-einer-der-wichtigsten-schritte-zum-erfolg,62446457cab48b4f642519ed,62a7b7c4453a3c42b5754190,Mon Jun 13 2022 22:18:44 GMT+0000 (Coordinated Universal Time),Wed Feb 15 2023 15:32:05 GMT+0000 (Coordinated Universal Time),Wed Feb 15 2023 15:33:46 GMT+0000 (Coordinated Universal Time),michael-witzenleiter-yvonne-teufel,andre-morys,Wachstum setzt eine experimentelle Denkweise voraus. Wir erkl√§ren dir die elementaren Bestandteile eines Growth Mindset.,https://cdn.transistor.fm/file/transistor/m/shows/28592/eda224ee18b64a4a1c53947aeb8fef6d.mp3,Tue Jun 14 2022 00:00:00 GMT+0000 (Coordinated Universal Time),1,,2,false,false,https://uploads-ssl.webflow.com/62446457cab48b69bf25195e/62816a24f8899c2e3eb9edd5_Square-logoen%20(2).png,"<p>In unserer zweiten Episode sprechen wir mit Andr√© Morys, Gr√ºnder &amp; Vorstand von konversionsKRAFT, √ºber das richtige Mindset, um ein wahrer Experte f√ºr Conversion-Rate-Optimierung zu werden. Es reicht nicht nur aus, gute Ideen zu haben, du musst auch in der Lage sein, die schlechten Ideen herauszufiltern.<br>Viel Spa√ü beim H√∂ren!</p><p>‚Äç</p>",,,,2025-01-10T20:38:14.600Z,0,,https://uploads-ssl.webflow.com/62446457cab48b69bf25195e/62816a24f8899c2e3eb9edd5_Square-logoen%20(2).png,
Aller Anfang ist schwer - So wirst Du zum CRO-Experten,how-to-start-with-cro,62446457cab48b4f642519ed,62947daf22517fbc5f3c827e,Mon May 30 2022 08:17:51 GMT+0000 (Coordinated Universal Time),Wed Feb 15 2023 15:31:55 GMT+0000 (Coordinated Universal Time),Wed Feb 15 2023 15:33:46 GMT+0000 (Coordinated Universal Time),michael-witzenleiter-yvonne-teufel,christoph-rottler,"Wir zeigen dir, wie du den Bereich CRO in deinem Unternehmen etablieren und voranbringen kannst - alles geht zur√ºck auf die richtige Unternehmenskultur. ",https://cdn.transistor.fm/file/transistor/m/shows/28592/0b2e208111f79da4e6eab8ea0b6d4faa.mp3,Tue May 31 2022 00:00:00 GMT+0000 (Coordinated Universal Time),1,1,1,false,false,https://uploads-ssl.webflow.com/62446457cab48b69bf25195e/62816a24f8899c2e3eb9edd5_Square-logoen%20(2).png,"<ul><li>‚Äç<a href=""https://www.kameleoon.com/de"" target=""_blank"">Kameleoon </a>- Deine Plattform f√ºr AI-Personalisierung und A/B-Testing: <br></li></ul>",,,,2025-01-10T20:38:14.600Z,0,,https://uploads-ssl.webflow.com/62446457cab48b69bf25195e/62816a24f8899c2e3eb9edd5_Square-logoen%20(2).png,
K√ºnstliche Intelligenz - das Marketing Must-Have der Zukunft,kunstliche-intelligenz-das-marketing-must-have-der-zukunft,62446457cab48b4f642519ed,635fee41180a3b2618380406,Mon Oct 31 2022 15:48:17 GMT+0000 (Coordinated Universal Time),Wed Feb 15 2023 15:33:21 GMT+0000 (Coordinated Universal Time),Wed Feb 15 2023 15:33:46 GMT+0000 (Coordinated Universal Time),michael-witzenleiter-yvonne-teufel,thomas-kammerer,Wie relevant ist k√ºnstliche Intelligenz heute und zuk√ºnftig in der Marketing-Welt? Dar√ºber sprechen wir mit Thomas Kammerer in unserer neuesten Folge.,https://cdn.transistor.fm/file/transistor/m/shows/28592/f36c9b1a6b65f78b0ee2d05c771842a8.mp3,Tue Nov 01 2022 00:00:00 GMT+0000 (Coordinated Universal Time),1,,12,false,false,https://uploads-ssl.webflow.com/62446457cab48b69bf25195e/635fed4bfbcb8a5f058551b6_CRO-Cafe_Titelbild_Spotify2.png,"<p id="""">Die Erstellung von gutem Content ist nicht immer so einfach, wie viele denken. Doch wer schreibt eigentlich Texte und woran wird gemessen, wie gut sie tats√§chlich sind? Heutiger Gast ist unser Kollege Thomas Kammerer, erfahrener Experte f√ºr datenbasierte Optimierungsstrategien. In dieser Episode sprechen wir vor allem √ºber den zuk√ºnftigen Stellenwert von k√ºnstlicher Intelligenz im Marketing. Wie leistungsf√§hig ist KI wirklich? Wie benutzerfreundlich ist sie und wie sind die Zukunftsaussichten in der Online-Welt? All diese spannenden Fragen und mehr werden heute beantwortet.<br><br><strong id="""">Buchtipps:</strong><br>PsyConversion - von Philipp Spreer<br>Quick Guide A/B-Testing - von Michael Witzenleiter </p><p id=""""><br><strong id="""">Geheimtipp:</strong><br>Du m√∂chtest Marketingtexte mit wenig Aufwand und in nur wenigen Sekunden erstellen? Dann teste jetzt Conversion Maker AI:<br><a href=""https://conversionmaker.ai/nutzerdaten"" id=""""><strong id="""">https://conversionmaker.ai/nutzerdaten</strong></a></p><p>‚Äç</p>",,,,2025-01-10T20:38:14.600Z,0,,https://uploads-ssl.webflow.com/62446457cab48b69bf25195e/635fed4bfbcb8a5f058551b6_CRO-Cafe_Titelbild_Spotify2.png,
Willkommen bei CRO.CAFE auf Deutsch!,willkommen-bei-cro-cafe-auf-deutsch,62446457cab48b4f642519ed,62816d1c5a42931f1b4ac7a5,Sun May 15 2022 21:14:04 GMT+0000 (Coordinated Universal Time),Wed Feb 15 2023 15:31:44 GMT+0000 (Coordinated Universal Time),Wed Feb 15 2023 15:33:46 GMT+0000 (Coordinated Universal Time),michael-witzenleiter-yvonne-teufel,,"Auf dich warten spannende Interviews mit ehrlichen Gespr√§chen √ºber CRO, Testing, Benutzerforschung und digitales Marketing.",https://cdn.transistor.fm/file/transistor/m/shows/30944/58fe86c5d32b582cbfe78e29fa2fed73.mp3,Mon May 16 2022 00:00:00 GMT+0000 (Coordinated Universal Time),1,,0,true,false,https://uploads-ssl.webflow.com/62446457cab48b69bf25195e/62816a24f8899c2e3eb9edd5_Square-logoen%20(2).png,"<p>Schlie√üe dich √ºber 14.000 CRO- und Digital-Marketing-Spezialisten an!<br>Der CRO.CAFE Podcast bietet spannende Interviews mit ehrlichen Gespr√§chen √ºber CRO, Testing, Benutzerforschung und digitales Marketing. Daf√ºr haben wir ausgew√§hlte G√§ste, die f√ºr diese Themen brennen. Durch Humor, Charme und Entschlossenheit geben dir unsere Hosts und G√§ste die richtigen Hilfsmittel, Einblicke und Motivation, die du f√ºr deinen t√§glichen CRO-Alltag ben√∂tigst.</p>",,,,2025-01-10T20:38:14.600Z,0,,https://uploads-ssl.webflow.com/62446457cab48b69bf25195e/62816a24f8899c2e3eb9edd5_Square-logoen%20(2).png,
Hinter den Kulissen bei Dr. Oetker - Die perfekte MarTech Landschaft f√ºr internationalen Erfolg,hinter-den-kulissen-bei-dr-oetker,62446457cab48b4f642519ed,63ea40346ea1c735c29c91a1,Mon Feb 13 2023 13:50:44 GMT+0000 (Coordinated Universal Time),Tue Feb 14 2023 09:43:25 GMT+0000 (Coordinated Universal Time),Tue Feb 14 2023 09:43:32 GMT+0000 (Coordinated Universal Time),michael-witzenleiter-yvonne-teufel,maximilian-steudel,"Maximilian Steudel, MarTech & Digital Engagement Lead bei Dr. Oetker, gibt spannende Einblicke in seinen Arbeitsalltag bei Dr. Oetker.
",https://cdn.transistor.fm/file/transistor/m/shows/28592/063c3c4a0cbb4f2e1c68929166db8add.mp3,Tue Feb 14 2023 00:00:00 GMT+0000 (Coordinated Universal Time),1,,17,false,true,https://uploads-ssl.webflow.com/62446457cab48b69bf25195e/63ea3ac2dac65a525a11417e_CRO.CAFE_Maximilian%20Steudel_Website.png,"<p id="""">Besonders in der Marketingwelt herrscht Schnelllebigkeit. Zur Zeit passieren gro√üe wirtschaftliche und √∂konomische Entwicklungen, die das gesch√§ftliche sowie das private Leben enorm beeinflussen. Heutiger Gast <a href=""https://www.linkedin.com/in/maximiliansteudel/"" id=""""><strong id="""">Maximilian Steudel</strong></a>, MarTech &amp; Digital Engagement Lead bei Dr. Oetker, erz√§hlt uns, wie das erfolgreiche Unternehmen Dr. Oetker in der heutigen Zeit mit den Trends mith√§lt und welche Zukunftsaussichten es im Onlinemarketing gibt. Zudem verr√§t er, welche MarTech-Tools er vorwiegend nutzt, seinen Standpunkt zum Thema K√ºnstliche Intelligenz und wie er sein Arbeitsleben als Papa gestaltet.</p><p id="""">‚Äç</p><p id="""">Viel Spa√ü beim H√∂ren! üéß</p>",,,,2025-01-10T20:38:14.600Z,0,,https://uploads-ssl.webflow.com/62446457cab48b69bf25195e/63ea3ac2dac65a525a11417e_CRO.CAFE_Maximilian%20Steudel_Website.png,
SEO vs. CRO: Feind oder Freund?,seo-vs-cro-feind-oder-freund,62446457cab48b4f642519ed,63a088bfef6e40c7b63d40b0,Mon Dec 19 2022 15:52:31 GMT+0000 (Coordinated Universal Time),Tue Dec 20 2022 09:00:12 GMT+0000 (Coordinated Universal Time),Wed Jan 25 2023 12:43:56 GMT+0000 (Coordinated Universal Time),michael-witzenleiter-yvonne-teufel,olaf-kopp,"Olaf Kopp spricht in dieser Folge dar√ºber, wie ihr das SEO-Potenzial richtig aussch√∂pft und inwieweit SEO und CRO zusammenh√§ngen. ",https://cdn.transistor.fm/file/transistor/m/shows/28592/40bcaf6ce6c2c1ec33023d0a1aa5d79e.mp3,Tue Dec 20 2022 00:00:00 GMT+0000 (Coordinated Universal Time),1,,15,false,false,https://uploads-ssl.webflow.com/62446457cab48b69bf25195e/63a08850d740cfa328337a91_CRO-Cafe_Titelbild.png,"<p id="""">Eine gute Website ben√∂tigt nicht nur ausreichend Traffic, sondern auch ein hervorragendes Nutzererlebnis - das ist eines der Erkenntnisse der neuen Episode mit <a href=""https://www.linkedin.com/in/olafkopp/"" id=""""><strong id="""">Olaf Kopp</strong></a>, Co-Founder und Chief Business Development Officer bei Aufgesang GmbH. </p><p id="""">Du erf√§hrst, wie du es schaffst, durch geeignete SEO Ma√ünahmen ausreichend Traffic zu generieren und warum nicht jedes Unternehmen zwingend SEO betreiben muss.</p><p id="""">Viel Spa√ü beim H√∂ren üéß</p><p>‚Äç</p><p id="""">Olafs Empfehlungen, um auf dem neusten Stand zu bleiben: </p><ul id=""""><li id="""">Content Kompass - Der Content Marketing Podcast</li><li id="""">SEO S√ºdwest</li></ul><p>‚Äç</p>",,,,2025-01-10T20:38:14.601Z,0,,https://uploads-ssl.webflow.com/62446457cab48b69bf25195e/63a08850d740cfa328337a91_CRO-Cafe_Titelbild.png,
Mit psychologischen Tricks zu verbessertem Marketing,mit-psychologischen-tricks-zu-verbessertem-marketing,62446457cab48b4f642519ed,638e4568345b0b8915e03836,Mon Dec 05 2022 19:24:24 GMT+0000 (Coordinated Universal Time),Tue Dec 06 2022 09:00:03 GMT+0000 (Coordinated Universal Time),Tue Dec 06 2022 09:00:03 GMT+0000 (Coordinated Universal Time),michael-witzenleiter-yvonne-teufel,dr-dennis-vogt,"In dieser Episode mit Dr. Dennis Vogt, erf√§hrst du alles was du rund um Verkaufs- & Konsumpsychologie im Marketing wissen musst. ",https://cdn.transistor.fm/file/transistor/m/shows/28592/6551a5be74e83eb02073f0fcf38d3fa5.mp3,Tue Dec 06 2022 00:00:00 GMT+0000 (Coordinated Universal Time),1,,14,false,false,https://uploads-ssl.webflow.com/62446457cab48b69bf25195e/638e4534e0032419b415377b_CRO-Cafe_Titelbild_Lang.png,"<p id="""">In dieser Episode mit Dr. Dennis Vogt, erf√§hrst du vieles rund um Verkaufs- &amp; Konsumpsychologie. Welche Trigger und Effekte kann man im Marketing einsetzen um mehr Erfolge zu erzielen?<br></p><p id="""">Einer von vielen interessanten Effekten der Verkaufspsychologie ist der ‚ÄöHandwriting Effekt‚Äò. Eine Studie belegte, dass von Hand geschriebene Texte ein unterschwelliges Signal von Menschlichkeit transportieren, wodurch eine emotionale Verbindung zur Marke geschaffen werden kann. Genau diese Verbindung auf emotionaler Ebene, l√∂st bei Konsumenten eine h√∂here Kaufbereitschaft aus.<br></p><p id="""">Haben wir dich neugierig gemacht? Dann unbedingt reinh√∂ren! üéß</p>",,,,2025-01-10T20:38:14.601Z,0,,https://uploads-ssl.webflow.com/62446457cab48b69bf25195e/638e4534e0032419b415377b_CRO-Cafe_Titelbild_Lang.png,
Marc O‚ÄôPolo: eine internationale Fashionbrand meets CRO,marc-opolo-eine-internationale-fashionbrand-meets-cro,62446457cab48b4f642519ed,637c815a667eef6febed7716,Tue Nov 22 2022 07:59:22 GMT+0000 (Coordinated Universal Time),Tue Nov 22 2022 13:01:19 GMT+0000 (Coordinated Universal Time),Tue Nov 22 2022 13:01:26 GMT+0000 (Coordinated Universal Time),michael-witzenleiter-yvonne-teufel,nicolas-schwenger,Nicolas Schwenger ist als Junior CRO Spezialist ein Teil des CRO Teams bei Marc O`Polo und k√ºmmert sich mit um die Analyse & Webseiten-Optimierung.,https://cdn.transistor.fm/file/transistor/m/shows/28592/d05b19cc4074d5b46cb374dab4b9e389.mp3,Tue Nov 22 2022 00:00:00 GMT+0000 (Coordinated Universal Time),1,,13,false,true,https://uploads-ssl.webflow.com/62446457cab48b69bf25195e/637c80ff6988762c399db14a_CRO-Cafe_Titelbild_Lang.png,"<p id="""">Spricht man von internationalen M√§rkten, ist es super wichtig die Historie und Kultur der einzelnen L√§nder zu betrachten. Nur dann k√∂nnt ihr ein erfolgreiches Testing Programm aufsetzten und somit die Bed√ºrfnisse eines jeden Landes im jeweiligen Online-Shop umzusetzen.</p><p id="""">Nicolas Schwenger ist als Junior CRO Spezialist ein Teil des CRO Teams bei Marc O`Polo und k√ºmmert sich mit um die Analyse &amp; Webseiten-Optimierung. Ihr wollt mehr √ºber Herausforderungen, Tipps und Trends von CRO in internationalen Shops erfahren?</p><p id="""">Dann h√∂rt unbedingt rein! üåéüéß</p><p id="""">‚Äç<strong id="""">Buchtipps:<br></strong>Trustworthy Online Controlled Experiments: A Practical Guide to A/B Testing<br>Autor:&nbsp;Ron Kohavi, Diane Tang &amp; Ya Xu</p>",,,,2025-01-10T20:38:14.601Z,0,,https://uploads-ssl.webflow.com/62446457cab48b69bf25195e/637c80ff6988762c399db14a_CRO-Cafe_Titelbild_Lang.png,
