Title,Description,Date,Duration,Audio URL,YouTube URL,Guests,Main Image,Show Notes
Growth Minded Superheroes,"
        <p>Next week, the Growth Marketing Summit event will take place in Frankfurt Germany, CRO.CAFE will be there with our own booth to record experts from the stage and audience. In this episode you'll get a short preview with the organisers of the event: André Morys and Julia Rumpf! </p>
      ",2024-06-11T13:45:35.000Z,1182,https://media.transistor.fm/90b62ec1/15b7b59d.mp3,,,,
How do you maintain a no-BS style,"
        <p>For this episode we have Shiva Manjunath from Speero dropping some (painful?) CRO truthbombs for the new year...</p>
      ",2022-12-31T16:15:37.000Z,2761,https://media.transistor.fm/61a94a71/867a2bc5.mp3,,,,
Educating your CRO clients & hiring for your CRO agency,"
        <p>Together with Matt we go through a variety of CRO agency topics, like how to educate your clients and how to hire for your team.</p>
      ",2022-12-31T08:00:00.000Z,2111,https://media.transistor.fm/4c7a199d/fb09f0b5.mp3,,,,
How to craft copy on the PDP to convert more first-time buyers,"
        Together with Rishi we explore how you should craft your PDP copy to convert more first-time buyers
      ",2022-12-30T13:40:21.000Z,2584,https://media.transistor.fm/a99a7083/717530c0.mp3,,,,
Understand your products first before optimizing,"
        Together with Juliana Jackson we explore why many optimizers aren’t focusing on understanding their products before optimizing for sales &amp; marketing.  And why they should...
      ",2022-12-30T13:16:33.000Z,2789,https://media.transistor.fm/823db0b5/ea98b8c0.mp3,,,,
What seperates the good from the great?,"
        Together with Colin Crowell (Senior Director @ Kameleoon) and Manuel Da Costa (Founder Effective Experiments) we discussed what separates the GOOD from the GREAT Experimentation programs.
      ",2022-12-29T14:10:31.000Z,2741,https://media.transistor.fm/1b6d6d9a/830b0ecd.mp3,,,,
Friction and Momentum in Brazil vs EU vs USA,"
        We talk about friction and momentum in the customer journey + differences in CRO practice on different continents.
      ",2022-04-26T14:11:57.000Z,3478,https://media.transistor.fm/488424e9/2473584d.mp3,,,,
"Understanding the ""Why""","
        Eliza and I have a casual talk about how she got into CRO, how she is blending that with other disciplines and how she works towards understanding site visitors.
      ",2022-04-21T17:55:38.000Z,1523,https://media.transistor.fm/62d2b15d/4defe2dd.mp3,,,,
How you can practically optimize your forms,"
        I got two of the main form optimization experts around a table and asked them everything you need in order to improve your on-site forms.
      ",2022-04-15T11:39:44.000Z,4591,https://media.transistor.fm/cdebdb67/a2f12d4b.mp3,,,,
Optimizing for Customer Lifetime Value,"
        Live recorded at CH2021: How do you optimize for CLTV, hwre do you even begin and will you ever reach confidence in the metric at all...?
      ",2021-12-23T23:05:22.000Z,1619,https://media.transistor.fm/e8c9d87b/48c6c47b.mp3,,,,
CRO Automation & building your (de)centralized CRO team,"
        Live recorded at CH2021: We discuss some CRO automations and if you should build a centralized or decentralized CRO team
      ",2021-12-23T23:05:15.000Z,1916,https://media.transistor.fm/c20cdd46/175a7ee5.mp3,,,,
User research: Qual versus Quant,"
        Live recorded at CH2021: Which is better, what should you prioritize and what are some common mistakes?
      ",2021-12-23T23:05:02.000Z,1981,https://media.transistor.fm/4a93002b/fad46d87.mp3,,,,
Chatbots & retention campaigns,"
        Live recorded at CH2021: Session with Maaike &amp; Robin (VVAA) about deploying chatbots and building retention campaigns.
      ",2021-12-23T23:04:53.000Z,1443,https://media.transistor.fm/fe5ae4ef/82447c68.mp3,,,,
CRO and SEO are dead,"
        Live recorded at CH2021: Gerk and Simon state that CRO and SEO are dead. Long live CRO and SEO?
      ",2021-12-23T23:04:38.000Z,1655,https://media.transistor.fm/79beae88/e4aab6df.mp3,,,,
Localizing translations for international audiences,"
        Guido and Oscar discuss how localization can have a huge impact on conversion rates and how it's not only about strictly translating text.
      ",2021-12-21T15:47:00.000Z,1727,https://media.transistor.fm/0ff92a7a/2c5791e0.mp3,,,,
Selling your CRO agency,"
        Ricardo founded and sold his CRO agency and we see this type of consolidation happening in more markets. Let's talk about that!
      ",2021-12-20T04:00:00.000Z,1436,https://media.transistor.fm/3e7d0f76/b115c430.mp3,,,,
Visitor and customer survey insights for high-impact CRO,"
        Take a listen to CRO Expert Rich Page as he shares the secrets he uses to draw an incredible amount of insights from visitor and customer surveys.
      ",2021-11-22T19:29:18.000Z,2539,https://media.transistor.fm/5f15bd42/1022ddb4.mp3,,,,
Experimentation values & culture at scale: Linkedin,"
        We learn from Alexander Ivaniuk about Linkedins values of experimentation, the experimentation culture and how they manage to experiment at a massive scale.
      ",2021-09-27T15:00:00.000Z,3424,https://media.transistor.fm/5562e843/f6b8967b.mp3,,,,
Supercharging the customer journey with analytics data,"
        Learn how to make use of the higher speed of data to facilitate a change of focus from reactive reporting to complex live activation across channels, together with Steen Rasmussen.
      ",2021-09-19T22:00:00.000Z,2512,https://media.transistor.fm/aa185158/cd27f1d6.mp3,,,,
Turn ice-cold traffic into thrilled-to-be-paying customers with high-converting copy,"
        Together with Eden Bidani we explore the common mistakes CRO people make when it comes to copy and how copywriting is different for the web.
      ",2021-09-14T15:02:26.000Z,2071,https://media.transistor.fm/2d42f842/9a843dc8.mp3,,,,
"Where to start when the company needs CRO, but doesn't know they do.","
        In this episode we learn how to get companies into a CRO mindset so they are willing to buy CRO services/products and how to utilize user research in this fast changing environment.
      ",2021-07-08T09:41:32.000Z,1696,https://media.transistor.fm/2ee454d2/1d941b10.mp3,,,,
Optimizing Conversion Rates by Working on Just One Page. Genius or Madness?,"
        Do you ever feel overwhelmed by all the CRO things you could be working on? Why not just limit everything you do to a single page... Would that even work?
      ",2021-07-04T22:00:00.000Z,2663,https://media.transistor.fm/607136f8/93285b68.mp3,,,,
Using text messages to improve conversions and retention,"
        Today we learn why and how to use SMS and other forms of text messages to humanize the conversations you have with your webshop customers.
      ",2021-07-03T20:00:20.000Z,2557,https://media.transistor.fm/8e48e462/af90aa8e.mp3,,,,
Bayesian expected loss: Telling a complete story with data,"
        We learn how about the problems with (frequentist) statistical significance and how we can tell a (more) complete and clear story with data on expected losses.
      ",2021-06-21T08:30:55.000Z,2799,https://media.transistor.fm/cb86ade1/88fe63b5.mp3,,,,
Experience as UX designer in a very data driven company (Booking.com),"
        From UX designer Alex Muñoz we learn how working at a very data driven company changed his work and processes for the better.
      ",2021-06-16T13:00:00.000Z,2215,https://media.transistor.fm/6a6d7578/d99df68b.mp3,,,,
CRO Flywheel: How Microsoft Kickstarted the A/B testing Momentum and keeps it going,"
        We will learn how Microsoft enables employees to keep the experimentation flywheel turning faster and faster to support and motivate continued funding.
      ",2021-05-17T17:00:00.000Z,2669,https://media.transistor.fm/6e7e6bb5/ee84f596.mp3,,,,
Top 10 reasons your A/B tests fail the Quality Assurance phase,"
        Abi Hough is an experienced QA specialist for online experiments and she'll show us the Top 10 reasons A/B tests fail... even before they go live.
      ",2021-05-10T18:00:00.000Z,4183,https://media.transistor.fm/db94d625/dae75518.mp3,,,,
Remote growth hacking from Nigeria,"
        We learn how Tawab turned his CXL Growth Marketing minidegree and turned it into a full-time remote job working for a record label.
      ",2021-05-02T22:00:00.000Z,2588,https://media.transistor.fm/6cfe0f83/407cb0e8.mp3,,,,
"Browsers, cookies & server-side testing with SiteSpect","
        We learn from Erwin about the latest developments around browsers, (1st and 3rd party) cookies and server-side testing
      ",2021-04-26T11:58:39.000Z,2442,https://media.transistor.fm/7681b3a8/12797b20.mp3,,,,
Optimizing the user experience for an art shop/marketplace,"
        Abbey and I talk about how user experience and optimization are different for the marketplace/ art shops &amp; we'll be looking at some interesting product filters
      ",2021-04-20T14:19:14.000Z,1933,https://media.transistor.fm/58eeb40d/bf45aa85.mp3,,,,
600+ psychological principles for driving behavior? Not even close...,"
        We learn why the whole concept of getting customers ""hooked"" is ludicrous and why there are way less behavioral principles than you might think.

Shownotes: https://www.cro.cafe/podcast/psychological-principles-for-driving-behavior
      ",2021-02-15T18:27:26.000Z,4455,https://media.transistor.fm/d4756fbb/08c9e915.mp3,,,,
" Why humanizing data is so important, with Eltine van der Veer","
        We learn how EEG data can give you behavioral insights and why it's important to humanize your data.

Shownotes: https://www.cro.cafe/podcast/why-humanizing-data-is-so-important
      ",2021-01-28T13:00:14.000Z,2785,https://media.transistor.fm/eeb78b20/3af477bb.mp3,,,,
"B2B experiments on low traffic & building your own platform, with Chad Sanderson from Convoy","
        We learn how B2B companies can run experiments too, even when you don't have heaps of traffic at your disposal.

Shownotes: https://www.cro.cafe/podcast/b2b-experiments-on-low-traffic-building-your-own-platform
      ",2021-01-19T22:52:15.000Z,2893,https://media.transistor.fm/b88183ca/800e4b1c.mp3,,,,
"Unleash Your Primal Brain, with Tim Ash","
        Let's demystify how we think and why we act with the authority in evolutionary psychology and digital marketing: Tim Ash.

Shownotes: www.cro.cafe/podcast/unleash-your-primal-brain
      ",2021-01-13T10:57:07.000Z,3303,https://media.transistor.fm/282f1c22/5144faa6.mp3,,,,
"Confession time: Sequential testing and why machines won't replace us any time soon, with Merritt Aho","
        Learn how you can responsibly peek at your data mid-experiment (gasp!) and why we think machines won't be replacing CRO's any time soon.
      ",2020-12-29T17:06:19.000Z,3020,https://media.transistor.fm/331c0875/afe0bd7d.mp3,,,,
"The 2020 State of Conversion Optimization Report, with Derek Gleason from CXL","
        We learn the trends and new insights from our own optimization industry from CXLs yearly worldwide survey.
      ",2020-12-06T23:00:00.000Z,2769,https://media.transistor.fm/4edda421/e227a326.mp3,,,,
CRO Salaries: Agency vs Client-side vs Freelance,"
        Exploring the earning potential for different kinds of CRO work. From agency CRO specialists to those that work clients-side to freelance CROs.

I quite enjoyed answering this question because I've been in all three positions: I've worked at agencies, then moved to client side and then finally took the plunge into freelancing. I've come to find out that there are trade-offs for each. 

Your personality-type will be largely responsible for determining which scenario is best for you. For example: If you're the kind of person that wants something safe while working on a side-hustle then maybe working at an agency or company is best. 

Don't overthink it, try each scenario if you get the chance, as that's the best way of determining what's best for you. Once you do find what's best for you, it's smooth(er?) sailing from there.

The 2019 State of Conversion Optimization Report by CXL: https://conversionxl.typeform.com/to/CIeV4Uuw

Want to receive the 2020 survey results? Our podcast partner Convert.com and CXL teamed up to get the CRO industry report of 2020 updated again. How are we as a CRO industry are moving forward and in what aspects. Join this annual survey so we can all shortly enjoy the results: https://cxl.com/blog/2019-conversion-optimization-report/
      ",2020-11-24T12:58:19.000Z,867,https://media.transistor.fm/7ea94f9b/b8845d79.mp3,,,,
"Experimentation at ecommerce SaaS company Shopify, with Casandra Campbell","
        We learn how you can experiment on a SaaS product and learn how Shopify structures their optimization workflows.
      ",2020-11-23T15:45:45.000Z,2433,https://media.transistor.fm/f772545e/162b2f80.mp3,,,,
"How to run copy experiments & why you should differentiate, with Peep Laja","
        In this episode we learn about the impact of copy on conversion and what things to take into account when running copy experiments.

Shownotes: https://www.cro.cafe/podcast/how-to-run-copy-experiments-and-why-you-should-differentiate
      ",2020-11-15T23:00:31.000Z,2789,https://media.transistor.fm/ca2e2245/f12c2c6d.mp3,,,,
"How to embed experimentation into Agile product development, with Jonny Longden","
        Today I talk with Jonny Longden from Journey Further about embedding experimentation into Agile product development
      ",2020-11-08T23:00:00.000Z,3563,https://media.transistor.fm/b5b35b1e/a0d9d116.mp3,,,,
Are you a movie critic? You might be great at CRO! With Sumantha Shankaranarayana,"
        We learn how Kaspersky approaches and combines CRO for B2B and B2C and how a movie critic might make you a great CRO!

Shownotes: https://www.cro.cafe/podcast/kaspersky

Podcast Partners: Convert.com, OnlineDialogue.com, Sitespect.com, Contentsquare.com and OnlineInfluence.com
      ",2020-11-01T23:09:51.000Z,3482,https://media.transistor.fm/c94477d2/fa5d78de.mp3,,,,
"Book launch: Online Influence, with Bas Wouters","
        Together with the author we’ll explore what makes this a very practical book suited for all digital marketeers and how it's different from the books and content you already know from Cialdini, BJ Fogg and Kahneman.

Shownotes: https://www.cro.cafe/podcast/book-launch-online-influence
      ",2020-10-25T23:00:00.000Z,2702,https://media.transistor.fm/362f4228/c4beaeb1.mp3,,,,
"Optimizing Consumer-to-consumer marketplaces, with Emily Oliver from musicMagpie/Decluttr","
        Today we learn how to approach optimization for a consumer-to-consumer marketplace and Emily is able to share some recent experiment results with us.

Shownotes: https://www.cro.cafe/podcast/optimizing-consumer-to-consumer-marketplaces

Podcast Partners: Convert.com, OnlineDialogue.com, Sitespect.com, Contentsquare.com and OnlineInfluence.com
      ",2020-10-18T22:00:00.000Z,3482,https://media.transistor.fm/0ad43b27/980f7f75.mp3,,,,
"Switching gears when the pandemic upends your traffic, with Dave Powell (TomTom)","
        We are going to learn how TomTom was able to quickly switch gears when the pandemic hit and lot of people all over the world suddenly stopped driving.

Shownotes: https://www.cro.cafe/podcast/switching-gears-when-the-pandemic-upends-your-traffic

Podcast Partners: Convert.com, OnlineDialogue.com, Sitespect.com, Contentsquare.com and OnlineInfluence.com
      ",2020-10-11T22:00:00.000Z,2036,https://media.transistor.fm/3a681b62/fc121cf6.mp3,,,,
"Main pitfalls for CRO Agencies when working with clients, with Ricardo Tayar López (Flat101)","
        This week we learn about the main pitfalls agencies encounter when working on CRO projects and how to prevent them.

Shownotes: https://www.cro.cafe/podcast/main-pitfalls-for-cro-agencies-when-working-with-clients

Podcast Partners: Convert.com, OnlineDialogue.com, Sitespect.com, Contentsquare.com and OnlineInfluence.com
      ",2020-10-04T22:00:00.000Z,3215,https://media.transistor.fm/f67b4e00/14000aac.mp3,,,,
"How to become a better CRO professional, with Abi Hough & Craig Sullivan","
        <p>Shownotes: <a href=""https://www.cro.cafe/podcast/how-to-become-a-better-cro-professional"">https://www.cro.cafe/podcast/how-to-become-a-better-cro-professional</a></p><p><strong>Partners:</strong></p><ul><li>Convert: <a href=""https://www.convert.com/features?utm_source=crocafe&amp;utm_medium=shownoteslink"">convert.com/features</a></li><li>Online Dialogue: <a href=""https://www.onlinedialogue.nl/?utm_source=crocafe&amp;utm_medium=shownoteslink"">onlinedialogue.nl</a></li><li>SiteSpect: <a href=""https://www.sitespect.com/?utm_source=crocafe&amp;utm_medium=shownoteslink"">sitespect.com</a></li><li>Contentsquare: <a href=""https://contentsquare.com/?utm_source=crocafe&amp;utm_medium=shownoteslink"">contentsquare.com</a></li><li>Online Invloed: <a href=""https://onlineinvloed.nl/?utm_source=crocafe&amp;utm_medium=shownoteslink"">onlineinvloed.nl</a></li></ul>
      ",2020-09-29T09:02:34.000Z,1888,https://media.transistor.fm/f86dbd7d/cee29f00.mp3,,,,
"CRO in a post-cookie world, with Lisanne Maatman & Dumky de Wilde (DEPT)","
        <p>Shownotes: https://www.cro.cafe/podcast/cro-in-a-post-cookie-world</p><p><br><strong>Partners:</strong></p><ul><li>Convert: <a href=""https://www.convert.com/features?utm_source=crocafe&amp;utm_medium=shownoteslink"">convert.com/features</a></li><li>Online Dialogue: <a href=""https://www.onlinedialogue.nl/?utm_source=crocafe&amp;utm_medium=shownoteslink"">onlinedialogue.nl</a></li><li>SiteSpect: <a href=""https://www.sitespect.com/?utm_source=crocafe&amp;utm_medium=shownoteslink"">sitespect.com</a></li><li>Contentsquare: <a href=""https://contentsquare.com/?utm_source=crocafe&amp;utm_medium=shownoteslink"">contentsquare.com</a></li><li>Online Invloed: <a href=""https://onlineinvloed.nl/?utm_source=crocafe&amp;utm_medium=shownoteslink"">onlineinvloed.nl</a></li></ul>
      ",2020-09-28T06:00:00.000Z,2826,https://media.transistor.fm/e1104a2c/282c47ec.mp3,,,,
"The 6 soft skills that CROs need to master, with Elise Maile","
        <p><strong>Partners:</strong></p><ul><li>Convert: <a href=""https://www.convert.com/features?utm_source=crocafe&amp;utm_medium=shownoteslink"">convert.com/features</a></li><li>Online Dialogue: <a href=""https://www.onlinedialogue.nl/?utm_source=crocafe&amp;utm_medium=shownoteslink"">onlinedialogue.nl</a></li><li>SiteSpect: <a href=""https://www.sitespect.com/?utm_source=crocafe&amp;utm_medium=shownoteslink"">sitespect.com</a></li><li>Contentsquare: <a href=""https://contentsquare.com/?utm_source=crocafe&amp;utm_medium=shownoteslink"">contentsquare.com</a></li><li>Online Invloed: <a href=""https://onlineinvloed.nl/?utm_source=crocafe&amp;utm_medium=shownoteslink"">onlineinvloed.nl</a></li></ul>
      ",2020-09-20T22:00:00.000Z,3032,https://media.transistor.fm/8cafb1dd/88328bc0.mp3,,,,
"Why your experimentation programme needs a risk profile, with Stephen Pavlovich (Conversion.com)","
        <p><strong>Partners:</strong></p><ul><li>Convert: <a href=""https://www.convert.com/features?utm_source=crocafe&amp;utm_medium=shownoteslink"">convert.com/features</a></li><li>Online Dialogue: <a href=""https://www.onlinedialogue.nl/?utm_source=crocafe&amp;utm_medium=shownoteslink"">onlinedialogue.nl</a></li><li>SiteSpect: <a href=""https://www.sitespect.com/?utm_source=crocafe&amp;utm_medium=shownoteslink"">sitespect.com</a></li><li>Contentsquare: <a href=""https://contentsquare.com/?utm_source=crocafe&amp;utm_medium=shownoteslink"">contentsquare.com</a></li><li>Online Invloed: <a href=""https://onlineinvloed.nl/?utm_source=crocafe&amp;utm_medium=shownoteslink"">onlineinvloed.nl</a></li></ul>
      ",2020-09-13T22:00:00.000Z,2523,https://media.transistor.fm/58e3303f/b30e3ab7.mp3,,,,
"Server-side experimentation, with Tom van den Berg & Ruben de Boer (Online Dialogue)","
        <p><strong>Partners:</strong></p><ul><li>Convert: <a href=""https://www.convert.com/features?utm_source=crocafe&amp;utm_medium=shownoteslink"">convert.com/features</a></li><li>Online Dialogue: <a href=""https://www.onlinedialogue.nl/?utm_source=crocafe&amp;utm_medium=shownoteslink"">onlinedialogue.nl</a></li><li>SiteSpect: <a href=""https://www.sitespect.com/?utm_source=crocafe&amp;utm_medium=shownoteslink"">sitespect.com</a></li><li>Contentsquare: <a href=""https://contentsquare.com/?utm_source=crocafe&amp;utm_medium=shownoteslink"">contentsquare.com</a></li><li>Online Invloed: <a href=""https://onlineinvloed.nl/?utm_source=crocafe&amp;utm_medium=shownoteslink"">onlineinvloed.nl</a></li></ul>
      ",2020-09-06T22:00:00.000Z,3010,https://media.transistor.fm/1542b3e8/d687cb27.mp3,,,,
"Copywriting for Conversions, with Joel Klettke","
        <p><strong>Partners:</strong></p><ul><li>Convert: <a href=""https://www.convert.com/features?utm_source=crocafe&amp;utm_medium=shownoteslink"">convert.com/features</a></li><li>Online Dialogue: <a href=""https://www.onlinedialogue.nl/?utm_source=crocafe&amp;utm_medium=shownoteslink"">onlinedialogue.nl</a></li><li>SiteSpect: <a href=""https://www.sitespect.com/?utm_source=crocafe&amp;utm_medium=shownoteslink"">sitespect.com</a></li><li>Contentsquare: <a href=""https://contentsquare.com/?utm_source=crocafe&amp;utm_medium=shownoteslink"">contentsquare.com</a></li><li>Online Invloed: <a href=""https://onlineinvloed.nl/?utm_source=crocafe&amp;utm_medium=shownoteslink"">onlineinvloed.nl</a></li></ul>
      ",2020-08-30T22:00:00.000Z,2987,https://media.transistor.fm/6ef2a8ac/7845cae0.mp3,,,,
"Make creativity a priority in your CRO process, with AJ Davis","
        <p>Shownotes: <a href=""https://www.cro.cafe/podcast/make-creativity-a-priority-in-your-cro-process"">cro.cafe/podcast/make-creativity-a-priority-in-your-cro-process</a></p><p><br><strong>Partners:</strong></p><ul><li>Convert: <a href=""https://www.convert.com/features?utm_source=crocafe&amp;utm_medium=shownoteslink"">convert.com/features</a></li><li>Online Dialogue: <a href=""https://www.onlinedialogue.nl/?utm_source=crocafe&amp;utm_medium=shownoteslink"">onlinedialogue.nl</a></li><li>SiteSpect: <a href=""https://www.sitespect.com/?utm_source=crocafe&amp;utm_medium=shownoteslink"">sitespect.com</a></li><li>Contentsquare: <a href=""https://contentsquare.com/?utm_source=crocafe&amp;utm_medium=shownoteslink"">contentsquare.com</a></li><li>Online Invloed: <a href=""https://onlineinvloed.nl/?utm_source=crocafe&amp;utm_medium=shownoteslink"">onlineinvloed.nl</a></li></ul>
      ",2020-08-16T22:00:00.000Z,2216,https://media.transistor.fm/1721051f/26a56bb7.mp3,,,,
"Why empathy is probably the most important skill for any CRO pro, with Amrdeep Athwal","
        <p>Shownotes: <a href=""https://www.cro.cafe/podcast/why-empathy-is-probably-the-most-important-skill-for-any-cro-pro"">www.cro.cafe/podcast/why-empathy-is-probably-the-most-important-skill-for-any-cro-pro</a></p><p><br><strong>Partners:</strong></p><ul><li>Convert: <a href=""https://www.convert.com/features?utm_source=crocafe&amp;utm_medium=shownoteslink"">convert.com/features</a></li><li>Online Dialogue: <a href=""https://www.onlinedialogue.nl/?utm_source=crocafe&amp;utm_medium=shownoteslink"">onlinedialogue.nl</a></li><li>SiteSpect: <a href=""https://www.sitespect.com/?utm_source=crocafe&amp;utm_medium=shownoteslink"">sitespect.com</a></li><li>Contentsquare: <a href=""https://contentsquare.com/?utm_source=crocafe&amp;utm_medium=shownoteslink"">contentsquare.com</a></li><li>Online Invloed: <a href=""https://onlineinvloed.nl/?utm_source=crocafe&amp;utm_medium=shownoteslink"">onlineinvloed.nl</a></li></ul>
      ",2020-08-02T22:00:00.000Z,2671,https://media.transistor.fm/7b77c9b9/0d11143e.mp3,,,,
"Why statistical knowledge is still crucial when running experiments, with Georgi Georgiev","
        <p>Shownotes: <a href=""https://www.cro.cafe/podcast/why-statistical-knowledge-is-still-crucial-when-running-experiments"">cro.cafe/podcast/why-statistical-knowledge-is-still-crucial-when-running-experiments</a></p><p><br><strong>Partners:</strong></p><ul><li>Convert: <a href=""https://www.convert.com/features?utm_source=crocafe&amp;utm_medium=shownoteslink"">convert.com/features</a></li><li>Online Dialogue: <a href=""https://www.onlinedialogue.nl/?utm_source=crocafe&amp;utm_medium=shownoteslink"">onlinedialogue.nl</a></li><li>SiteSpect: <a href=""https://www.sitespect.com/?utm_source=crocafe&amp;utm_medium=shownoteslink"">sitespect.com</a></li><li>Contentsquare: <a href=""https://contentsquare.com/?utm_source=crocafe&amp;utm_medium=shownoteslink"">contentsquare.com</a></li><li>Online Invloed: <a href=""https://onlineinvloed.nl/?utm_source=crocafe&amp;utm_medium=shownoteslink"">onlineinvloed.nl</a></li></ul>
      ",2020-07-26T22:00:00.000Z,2632,https://media.transistor.fm/0fc447bf/608d8503.mp3,,,,
Datascience can do what? with Emily Robinson (Warby Parker) & Lukas Vermeer (Booking.com),"
        <p>Shownotes: <a href=""https://www.cro.cafe/podcast/datascience-can-do-what"">www.cro.cafe/podcast/datascience-can-do-what</a></p><p><br></p><p><strong>Partners:</strong></p><ul><li>Convert: <a href=""https://www.convert.com/features?utm_source=crocafe&amp;utm_medium=shownoteslink"">convert.com/features</a></li><li>Online Dialogue: <a href=""https://www.onlinedialogue.nl/?utm_source=crocafe&amp;utm_medium=shownoteslink"">onlinedialogue.nl</a></li><li>SiteSpect: <a href=""https://www.sitespect.com/?utm_source=crocafe&amp;utm_medium=shownoteslink"">sitespect.com</a></li><li>Contentsquare: <a href=""https://contentsquare.com/?utm_source=crocafe&amp;utm_medium=shownoteslink"">contentsquare.com</a></li><li>Online Invloed: <a href=""https://onlineinvloed.nl/?utm_source=crocafe&amp;utm_medium=shownoteslink"">onlineinvloed.nl</a></li></ul>
      ",2020-07-24T06:12:07.000Z,1820,https://media.transistor.fm/a96cfa38/05b9bf1f.mp3,,,,
"Things that are always broken in Analytics, with Arnout Hellemans & Charles Meaden","
        <p>Shownotes: <a href=""https://www.cro.cafe/podcast/things-that-are-always-broken-in-analytics"">cro.cafe/podcast/things-that-are-always-broken-in-analytics</a></p><p><br></p><p><strong>Partners:</strong></p><ul><li>Convert: <a href=""https://www.convert.com/features?utm_source=crocafe&amp;utm_medium=shownoteslink"">convert.com/features</a></li><li>Online Dialogue: <a href=""https://www.onlinedialogue.nl/?utm_source=crocafe&amp;utm_medium=shownoteslink"">onlinedialogue.nl</a></li><li>SiteSpect: <a href=""https://www.sitespect.com/?utm_source=crocafe&amp;utm_medium=shownoteslink"">sitespect.com</a></li><li>Contentsquare: <a href=""https://contentsquare.com/?utm_source=crocafe&amp;utm_medium=shownoteslink"">contentsquare.com</a></li><li>Online Invloed: <a href=""https://onlineinvloed.nl/?utm_source=crocafe&amp;utm_medium=shownoteslink"">onlineinvloed.nl</a></li></ul>
      ",2020-07-21T22:00:00.000Z,1815,https://media.transistor.fm/0c43f3d1/5e35cdab.mp3,,,,
"Contentsquare Virtual Breakfast Panel, with Fabian Kersten, Bas van Dijk & Lucas Vos","
        <p>Shownotes: <a href=""https://www.cro.cafe/podcast/contentsquare-virtual-breakfast-panel"">https://www.cro.cafe/podcast/contentsquare-virtual-breakfast-panel</a></p>
      ",2020-07-21T15:00:00.000Z,1018,https://media.transistor.fm/48a3ebea/9e5a29a6.mp3,,,,
"Building and scaling your (CRO) agency, with Steven Pavlovich and Daniël Markus","
        <p>Shownotes: <a href=""https://www.cro.cafe/podcast/building-and-scaling-your-cro-agency"">cro.cafe/podcast/building-and-scaling-your-cro-ageny</a></p><p><br></p><p><strong>Partners:</strong></p><ul><li>Convert: <a href=""https://www.convert.com/features?utm_source=crocafe&amp;utm_medium=shownoteslink"">convert.com/features</a></li><li>Online Dialogue: <a href=""https://www.onlinedialogue.nl/?utm_source=crocafe&amp;utm_medium=shownoteslink"">onlinedialogue.nl</a></li><li>SiteSpect: <a href=""https://www.sitespect.com/?utm_source=crocafe&amp;utm_medium=shownoteslink"">sitespect.com</a></li><li>Contentsquare: <a href=""https://contentsquare.com/?utm_source=crocafe&amp;utm_medium=shownoteslink"">contentsquare.com</a></li><li>Online Invloed: <a href=""https://onlineinvloed.nl/?utm_source=crocafe&amp;utm_medium=shownoteslink"">onlineinvloed.nl</a></li></ul>
      ",2020-07-20T22:00:00.000Z,1343,https://media.transistor.fm/d415454d/b2f1ea84.mp3,,,,
"How you can motivate your organization to adopt CRO, with Ruben de Boer (Online Dialogue)","
        <p>Shownotes: <a href=""https://www.cro.cafe/podcast/how-you-can-motivate-your-organization-to-adopt-cro"">cro.cafe/podcast/how-you-can-motivate-your-organization-to-adopt-cro</a></p><p><br><strong>Partners:</strong></p><ul><li>Convert: <a href=""https://www.convert.com/features?utm_source=crocafe&amp;utm_medium=shownoteslink"">convert.com/features</a></li><li>Online Dialogue: <a href=""https://www.onlinedialogue.nl/?utm_source=crocafe&amp;utm_medium=shownoteslink"">onlinedialogue.nl</a></li><li>SiteSpect: <a href=""https://www.sitespect.com/?utm_source=crocafe&amp;utm_medium=shownoteslink"">sitespect.com</a></li><li>Contentsquare: <a href=""https://contentsquare.com/?utm_source=crocafe&amp;utm_medium=shownoteslink"">contentsquare.com</a></li><li>Online Invloed: <a href=""https://onlineinvloed.nl/?utm_source=crocafe&amp;utm_medium=shownoteslink"">onlineinvloed.nl</a></li></ul>
      ",2020-07-19T22:00:00.000Z,2411,https://media.transistor.fm/c780d8e1/8a2f930a.mp3,,,,
"The Art and Science of Converting Visitors into Customers, with Khalid Saleh (Invesp)","
        <p>Shownotes: <a href=""https://www.cro.cafe/podcast/the-art-and-science-of-converting-visitors-into-customers"">cro.cafe/podcast/the-art-and-science-of-converting-visitors-into-customers</a></p><p><br><strong>Partners:</strong></p><ul><li>Convert: <a href=""https://www.convert.com/features?utm_source=crocafe&amp;utm_medium=shownoteslink"">convert.com/features</a></li><li>Online Dialogue: <a href=""https://www.onlinedialogue.nl/?utm_source=crocafe&amp;utm_medium=shownoteslink"">onlinedialogue.nl</a></li><li>SiteSpect: <a href=""https://www.sitespect.com/?utm_source=crocafe&amp;utm_medium=shownoteslink"">sitespect.com</a></li><li>Contentsquare: <a href=""https://contentsquare.com/?utm_source=crocafe&amp;utm_medium=shownoteslink"">contentsquare.com</a></li><li>Online Invloed: <a href=""https://onlineinvloed.nl/?utm_source=crocafe&amp;utm_medium=shownoteslink"">onlineinvloed.nl</a></li></ul>
      ",2020-07-05T22:00:00.000Z,2732,https://media.transistor.fm/36a54bd8/8914845d.mp3,,,,
"Find CRO gold using an SEO crawler, with Luke Carthy","
        <p>Shownotes: <a href=""https://www.cro.cafe/podcast/find-cro-gold-using-an-seo-crawler"">cro.cafe/podcast/find-cro-gold-using-an-seo-crawler</a></p><p><strong>Partners:</strong></p><ul><li>Convert: <a href=""https://www.convert.com/features?utm_source=crocafe&amp;utm_medium=shownoteslink"">convert.com/features</a></li><li>Online Dialogue: <a href=""https://www.onlinedialogue.nl/?utm_source=crocafe&amp;utm_medium=shownoteslink"">onlinedialogue.nl</a></li><li>SiteSpect: <a href=""https://www.sitespect.com/?utm_source=crocafe&amp;utm_medium=shownoteslink"">sitespect.com</a></li><li>Contentsquare: <a href=""https://contentsquare.com/?utm_source=crocafe&amp;utm_medium=shownoteslink"">contentsquare.com</a></li><li>Online Invloed: <a href=""https://onlineinvloed.nl/?utm_source=crocafe&amp;utm_medium=shownoteslink"">onlineinvloed.nl</a></li></ul>
      ",2020-06-21T22:00:00.000Z,1789,https://media.transistor.fm/812c8537/5f352d20.mp3,,,,
"Holacracy: decentralized management and organizational governance, with Morgan Legge (Convert.com)","
        <p>Shownotes: <a href=""https://www.cro.cafe/podcast/holacracy-decentralized-management-and-organizational-governance"">cro.cafe/podcast/holacracy-decentralized-management-and-organizational-governance</a></p><p><br></p><p><strong>Partners:</strong></p><ul><li>Convert: <a href=""https://www.convert.com/features?utm_source=crocafe&amp;utm_medium=shownoteslink"">convert.com/features</a></li><li>Online Dialogue: <a href=""https://www.onlinedialogue.nl/?utm_source=crocafe&amp;utm_medium=shownoteslink"">onlinedialogue.nl</a></li><li>SiteSpect: <a href=""https://www.sitespect.com/?utm_source=crocafe&amp;utm_medium=shownoteslink"">sitespect.com</a></li><li>Contentsquare: <a href=""https://contentsquare.com/?utm_source=crocafe&amp;utm_medium=shownoteslink"">contentsquare.com</a></li><li>Online Invloed: <a href=""https://onlineinvloed.nl/?utm_source=crocafe&amp;utm_medium=shownoteslink"">onlineinvloed.nl</a></li></ul>
      ",2020-06-02T06:00:00.000Z,4067,https://media.transistor.fm/225e19f3/25a3ca3f.mp3,,,,
"Centralized versus Decentralized CRO, with Andrea Corvi (iTech Media)","
        <p>Shownotes: <a href=""https://www.cro.cafe/podcast/centralized-versus-decentralized-cro"">cro.cafe/podcast/centralized-versus-decentralized-cro</a></p><p><br></p><p><strong>Partners:</strong></p><ul><li>Convert: <a href=""https://www.convert.com/features?utm_source=crocafe&amp;utm_medium=shownoteslink"">convert.com/features</a></li><li>Online Dialogue: <a href=""https://www.onlinedialogue.nl/?utm_source=crocafe&amp;utm_medium=shownoteslink"">onlinedialogue.nl</a></li><li>SiteSpect: <a href=""https://www.sitespect.com/?utm_source=crocafe&amp;utm_medium=shownoteslink"">sitespect.com</a></li><li>Contentsquare: <a href=""https://contentsquare.com/?utm_source=crocafe&amp;utm_medium=shownoteslink"">contentsquare.com</a></li><li>Online Invloed: <a href=""https://onlineinvloed.nl/?utm_source=crocafe&amp;utm_medium=shownoteslink"">onlineinvloed.nl</a></li></ul>
      ",2020-05-25T06:00:00.000Z,1766,https://media.transistor.fm/5a72bfe0/165faa05.mp3,,,,
"6 steps to get your experimentational culture running, Marianne Stjernvall (TUI)","
        <p>Shownotes: <a href=""https://www.cro.cafe/podcast/6-steps-to-get-your-experimentational-culture-running"">www.cro.cafe/podcast/6-steps-to-get-your-experimentational-culture-running</a></p><p><br></p><p><strong>Partners:</strong></p><ul><li>Convert: <a href=""https://www.convert.com/features"">convert.com/features</a></li><li>Online Dialogue: <a href=""https://www.onlinedialogue.nl"">onlinedialogue.nl</a></li><li>SiteSpect: <a href=""https://www.sitespect.com/"">sitespect.com</a></li><li>Contentsquare: <a href=""https://contentsquare.com/"">contentsquare.com</a></li></ul>
      ",2020-05-10T22:00:00.000Z,3163,https://media.transistor.fm/0bde0d71/5d9070eb.mp3,,,,
"Let's help the world: The Covid19 Conversion Rate Aid Package, with Raoul Warren Doraiswamy","
        <p>Shownotes: <a href=""https://www.cro.cafe/podcast/lets-help-the-world-the-covid19-conversion-rate-aid-package"">cro.cafe/podcast/lets-help-the-world-the-covid19-conversion-rate-aid-package</a></p><p><br></p><p><strong>Partners:</strong></p><ul><li>Convert: <a href=""https://www.convert.com/features"">convert.com/features</a></li><li>Online Dialogue: <a href=""https://www.onlinedialogue.nl"">onlinedialogue.nl</a></li><li>SiteSpect: <a href=""https://www.sitespect.com/"">sitespect.com</a></li><li>Contentsquare: <a href=""https://contentsquare.com/"">contentsquare.com</a></li></ul>
      ",2020-05-03T22:00:00.000Z,1729,https://media.transistor.fm/41957003/2a0248b4.mp3,,,,
"Automation of tedious CRO work, with Matt Beischel","
        <p>Shownotes: <a href=""https://www.cro.cafe/podcast/automation-of-tedious-cro-work"">www.cro.cafe/podcast/automation-of-tedious-cro-work</a></p><p><br></p><p><strong>Partners:</strong></p><ul><li>Convert: <a href=""https://www.convert.com/features"">convert.com/features</a></li><li>Online Dialogue: <a href=""https://www.onlinedialogue.nl"">onlinedialogue.nl</a></li><li>SiteSpect: <a href=""https://www.sitespect.com/"">sitespect.com</a></li><li>Contentsquare: <a href=""https://contentsquare.com/"">contentsquare.com</a></li></ul>
      ",2020-04-26T22:00:00.000Z,3477,https://media.transistor.fm/5bf0fc51/2a20e8b6.mp3,,,,
"Why CROs should think as a Venture Capitalist, with Sean Sheppard (GrowthX)","
        <p>Shownotes: <a href=""https://www.cro.cafe/podcast/why-cros-should-think-as-a-venture-capitalist"">www.cro.cafe/podcast/why-cros-should-think-as-a-venture-capitalist</a></p><p><br><strong>Partners:</strong></p><ul><li>Convert: <a href=""https://www.convert.com/features"">convert.com/features</a></li><li>Online Dialogue: <a href=""https://www.onlinedialogue.nl"">onlinedialogue.nl</a></li><li>SiteSpect: <a href=""https://www.sitespect.com/"">sitespect.com</a></li><li>Contentsquare: <a href=""https://contentsquare.com/"">contentsquare.com</a></li></ul>
      ",2020-04-19T22:00:00.000Z,2244,https://media.transistor.fm/113f03cb/8ee604b2.mp3,,,,
"A better alternative to classic personality tests and how to apply them to commerce, with Jon Puleston (Kantar)","
        <p>Shownotes: <a href=""https://www.cro.cafe/podcast/a-better-alternative-to-classic-personality-tests-and-how-to-apply-them-to-commerce"">www.cro.cafe/podcast/a-better-alternative-to-classic-personality-tests-and-how-to-apply-them-to-commerce</a></p><p><strong>Partners:</strong></p><ul><li>Convert: <a href=""https://www.convert.com/features"">convert.com/features</a></li><li>Online Dialogue: <a href=""https://www.onlinedialogue.nl"">onlinedialogue.nl</a></li><li>SiteSpect: <a href=""https://www.sitespect.com/"">sitespect.com</a></li><li>Contentsquare: <a href=""https://contentsquare.com/"">contentsquare.com</a></li></ul><p><br></p><p><br></p>
      ",2020-04-11T10:00:00.000Z,2673,https://media.transistor.fm/bdde0c88/5fe8ed41.mp3,,,,
"Optimizing for reach and performance, with Marta Florentyna Saratowicz (Pandora)","
        <p><strong>Shownotes</strong>: <a href=""https://www.cro.cafe/podcast/optimizing-for-reach-and-performance"">cro.cafe/podcast/optimizing-for-reach-and-performance</a></p><p><br></p><p><strong>Partners:</strong></p><ul><li>Convert: <a href=""https://www.convert.com/features"">convert.com/features</a></li><li>Online Dialogue: <a href=""https://www.onlinedialogue.nl"">onlinedialogue.nl</a></li><li>SiteSpect: <a href=""https://www.sitespect.com/"">sitespect.com</a></li><li>Contentsquare: <a href=""https://contentsquare.com/"">contentsquare.com</a></li></ul>
      ",2020-03-03T15:00:00.000Z,2905,https://media.transistor.fm/f0df2638/840fdeea.mp3,,,,
"State of analytics, experimentation, and personalization with browsers’ privacy initiatives, with Simo Ahava, Ton Wesseling & Steen Rasmussen","
        <p><strong>Shownotes</strong>: <a href=""https://www.cro.cafe/podcast/analytics-experimentation-personalization-browsers-privacy-simo-ahava"">www.cro.cafe/podcast/analytics-experimentation-personalization-browsers-privacy-simo-ahava</a></p><p><br></p><p><strong>Partners:</strong></p><ul><li>Convert: <a href=""https://www.convert.com/features"">convert.com/features</a></li><li>Online Dialogue: <a href=""https://www.onlinedialogue.nl"">onlinedialogue.nl</a></li><li>Sitespect: <a href=""https://www.sitespect.com/"">sitespect.com</a></li></ul>
      ",2020-02-19T15:30:00.000Z,2123,https://media.transistor.fm/4bd8f368/f4fccb37.mp3,,,,
"The vitality of the data revolution, with Joaqim Bretcha (ESOMAR)","
        We learn about promoting the value of market, opinion and social research from Esomars president Joaqim Bretcha live at MIE20.
      ",2020-02-18T10:00:00.000Z,1390,https://media.transistor.fm/fac4028c/b4b051aa.mp3,,,,
"How GVC Gaming reshaped marketing budgets for all brands after implementing optimization techniques, with Chris Lee and John Dawson","
        We learn how one of the largest gaming brand has implemented robust marketing measurement &amp; optimization techniques that completely changed marketing budgets
      ",2020-02-15T10:00:00.000Z,1484,https://media.transistor.fm/5a013d7a/6eb00151.mp3,,,,
"Implementing behavioral sciences in agile teams, with André Morys (konversionsKRAFT)","
        <p>Unfortunately something went wrong with the audio of the host (Guido) mid-interview. Luckily we had a backup but this is the cause of a bit lower quality starting at around 27 min (only for the host track).</p><p><strong>Shownotes</strong>: <a href=""https://www.cro.cafe/podcast/implementing-behavioral-sciences-in-agile-teams"">www.cro.cafe/podcast/implementing-behavioral-sciences-in-agile-teams</a></p><p><br></p><p><strong>Partners:</strong></p><ul><li>Convert: <a href=""https://www.convert.com/features"">convert.com/features</a></li><li>Online Dialogue: <a href=""https://www.onlinedialogue.nl"">onlinedialogue.nl</a></li><li>Braingineers: <a href=""https://www.braingineers.com"">braingineers.com</a></li></ul>
      ",2020-01-27T23:00:00.000Z,2700,https://media.transistor.fm/3c9d339a/687fe226.mp3,,,,
"AI & Personalization, with Guy Yalif & Niels Reimer","
        <p><strong>Shownotes:</strong> <a href=""https://www.cro.cafe/podcast/ai-personalization"">cro.cafe/podcast/ai-personalization</a></p><p><br><strong>Partners:</strong></p><ul><li>Convert: <a href=""https://www.convert.com/features"">convert.com/features</a></li><li>Online Dialogue: <a href=""https://www.onlinedialogue.nl"">onlinedialogue.nl</a></li><li>Braingineers: <a href=""https://www.braingineers.com"">braingineers.com</a></li></ul>
      ",2020-01-24T14:00:00.000Z,1817,https://media.transistor.fm/c3b41dd5/5841af97.mp3,,,,
"Optimizing for Friction, with Roger Dooley & Bart Schutz (Online Dialogue)","
        <p>Shownotes: https://www.cro.cafe/podcast/optimizing-for-friction</p>
      ",2020-01-15T14:00:00.000Z,2066,https://media.transistor.fm/6904c2ec/cf0bce51.mp3,,,,
"CH2019: Privacy, Analytics and CRO, with Aurélie Pols & Rick Dronkers","
        <p><strong>Partners:</strong></p><ul><li>Convert: <a href=""https://www.convert.com/features"">convert.com/features</a></li><li>Online Dialogue: <a href=""https://www.onlinedialogue.nl"">onlinedialogue.nl</a></li><li>Braingineers: <a href=""https://www.braingineers.com"">braingineers.com</a></li></ul>
      ",2020-01-10T03:00:00.000Z,1653,https://media.transistor.fm/25385e4e/0b68606a.mp3,,,,
"Acting on your analytics data in an increasingly cookieless world, with WeiWi lie-Schröder (Google)","
        <p><strong>Acting on your analytics data in an increasingly cookieless world - </strong>Recent regulatory and browser changes are making it increasingly challenging to collect, connect &amp; analyse cookie-based data. The future is unsure. Discover how data can still be activated within the scope of recent changes, and how some of our largest clients have approached this challenge. The recent launch of the App + Web Properties Beta in Google Analytics marks the beginning of a whole new way to unify app and website data. This talk will take you through the new cross-platform possibilities.</p><p><br><strong>Partners:</strong></p><ul><li>Effective Experiments: <a href=""https://www.effectiveexperiments.com"">effectiveexperiments.com</a></li><li>Convert: <a href=""https://www.convert.com/features"">convert.com/features</a></li><li>Online Dialogue: <a href=""https://www.onlinedialogue.nl"">onlinedialogue.nl</a></li><li>Braingineers: <a href=""https://www.braingineers.com"">braingineers.com</a></li></ul><p><br>Het <strong>Digital Analytics Congres</strong> 2019 vond plaats op 8 oktober 2019 in de Jaarbeurs in Utrecht en wij deden live verslag vanaf de conferentie. Meer over het congres kun je vinden op <a href=""https://www.digitalanalyticscongres.nl/"">https://www.digitalanalyticscongres.nl/</a>.</p><p>DAC19 werd georganiseerd door het Expertise Center voor Marketing Insights, Onderzoek en Analytics beter bekend als <strong>MOA</strong>. Meer daarover kun je terugvinden op <a href=""https://www.moaweb.nl/"">https://www.moaweb.nl/</a>.</p>
      ",2019-11-04T15:40:00.000Z,1172,https://media.transistor.fm/c63f51e9/1ba104c6.mp3,,,,
"Analytics is a product – treat it as such, with Prolet Miteva & Matthew Niederberger","
        <p>Prolet's session at #DAC19: <br><strong>Analytics is a product – treat it as such - </strong>With analytics finally taking center stage, you are thinking “But what is next?” The truth is you are already further on the path than you might imagine. Every analytics project, be it instrumentation, analysis, or advanced modeling you embark on is already on its way to being a product. The only part missing is you treating it as such. Move from data projects to data products and take the next step in moving your company and yourself forward. </p><p><strong>Partners:</strong></p><ul><li>Effective Experiments: <a href=""https://www.effectiveexperiments.com"">effectiveexperiments.com</a></li><li>Convert: <a href=""https://www.convert.com/features"">convert.com/features</a></li><li>Online Dialogue: <a href=""https://www.onlinedialogue.nl"">onlinedialogue.nl</a></li><li>Braingineers: <a href=""https://www.braingineers.com"">braingineers.com</a></li></ul><p><br>Het <strong>Digital Analytics Congres</strong> 2019 vond plaats op 8 oktober 2019 in de Jaarbeurs in Utrecht en wij deden live verslag vanaf de conferentie. Meer over het congres kun je vinden op <a href=""https://www.digitalanalyticscongres.nl/"">https://www.digitalanalyticscongres.nl/</a>.</p><p>DAC19 werd georganiseerd door het Expertise Center voor Marketing Insights, Onderzoek en Analytics beter bekend als <strong>MOA</strong>. Meer daarover kun je terugvinden op <a href=""https://www.moaweb.nl/"">https://www.moaweb.nl/</a>.</p>
      ",2019-11-04T15:30:00.000Z,2446,https://media.transistor.fm/de14e0ec/bdf5d87f.mp3,,,,
"Digital analytics trends: a changing industry and what's next, with Krista Seiden","
        <p>Krista's session at #DAC19:<br><strong>Digital analytics trends: a changing industry and what's next  - </strong>The digital analytics industry has seen a lot of changes in recent years, both in terms of new products and ways of doing analysis, and how analysts want to use such tools and access data. In this talk, Krista will touch on the shifting trends she's seen and dig into new tools such as Google's App+Web tracking for a glimpse at what the future may look like.  </p><p><strong>Partners:</strong></p><ul><li>Effective Experiments: <a href=""https://www.effectiveexperiments.com"">effectiveexperiments.com</a></li><li>Convert: <a href=""https://www.convert.com/features"">convert.com/features</a></li><li>Online Dialogue: <a href=""https://www.onlinedialogue.nl"">onlinedialogue.nl</a></li><li>Braingineers: <a href=""https://www.braingineers.com"">braingineers.com</a></li></ul><p><br></p><p>Het <strong>Digital Analytics Congres</strong> 2019 vond plaats op 8 oktober 2019 in de Jaarbeurs in Utrecht en wij deden live verslag vanaf de conferentie. Meer over het congres kun je vinden op <a href=""https://www.digitalanalyticscongres.nl/"">https://www.digitalanalyticscongres.nl/</a>.</p><p>DAC19 werd georganiseerd door het Expertise Center voor Marketing Insights, Onderzoek en Analytics beter bekend als <strong>MOA</strong>. Meer daarover kun je terugvinden op <a href=""https://www.moaweb.nl/"">https://www.moaweb.nl/</a>.</p>
      ",2019-11-04T15:15:00.000Z,1737,https://media.transistor.fm/130e1e3f/9c4f8a48.mp3,,,,
"Why focussing on a culture of experimentation is a waste of time, with Manuel DaCosta (Effective Experiments)","
        <p><strong>Partners:</strong></p><ul><li>Effective Experiments: <a href=""https://www.effectiveexperiments.com"">effectiveexperiments.com</a></li><li>Convert: <a href=""https://www.convert.com/features"">convert.com/features</a></li><li>Online Dialogue: <a href=""https://www.onlinedialogue.nl"">onlinedialogue.nl</a></li><li>Braingineers: <a href=""https://www.braingineers.com"">braingineers.com</a></li></ul>
      ",2019-10-20T13:00:00.000Z,1767,https://media.transistor.fm/65c88289/d9718325.mp3,,,,
"Validation in every organization, met Ton Wesseling (Online Dialogue)","
        <p>In deze aflevering van het CRO CAFE praat ik met Ton Wesseling. Ondernemer en evangelist bij o.a. Online Dialogue. Hij is verliefd geworden op het internet in 1995 toen hij begon met het maken van lelijke websites om deze vervolgens beter te maken door middel van het analyseren van het gebruikersgedrag. Sinds 2000 professioneel bezig met wat we nu CRO noemen en maakt graag anderen ook enthousiast over het vak. Hij stond aan de wieg van de Webanalisten.nl community, Online Dialogue, Team CroCo, Digitaal Talent en events zoals het jaarlijkse Conversion Hotel op Texel en Measurebowling dat vorige week plaatsvond in Utrecht. Ton zal niet rusten voordat elke organisatie insights driven werkt. We gaan het vandaag dan ook hebben over Validation in every organization! Partners: &gt; Effective Experiments: www.effectiveexperiments.com &gt; Convert: www.convert.com/features &gt; Buyerminds: www.buyerminds.com &gt; Online Dialogue: www.onlinedialogue.nl Aanvullende info over deze aflevering kun je vinden op https://www.cro.cafe/podcast/validation-in-every-organization</p>
      ",2019-06-18T08:19:00.000Z,2524,https://media.transistor.fm/c17eabef/2e20d7d2.mp3,,,,
"Effective Experiments in de praktijk bij Sanoma, met Ruben de Boer","
        <p>In deze aflevering praat ik met Ruben de Boer. Hij is Manager CRO &amp; UX bij Sanoma, en heeft hij ook zijn eigen hobby bedrijfje Conversion Ideas met als doel mensen in de CRO wereld te helpen die geen opleidingsbudget of geld hebben voor de duurdere B2B cursussen. In deze aflevering gaan wij het hebben over hoe Ruben en zijn team gebruik maken van de SaaS tool Effective Experiments. Partners: &gt; Effective Experiments: www.effectiveexperiments.com &gt; Convert: www.convert.com/features &gt; Buyerminds: www.buyerminds.com &gt; Online Dialogue: www.onlinedialogue.nl Aanvullende info over deze aflevering kun je vinden op https://www.cro.cafe/podcast/effective-experiments-in-de-praktijk-bij-sanoma</p>
      ",2019-06-10T10:48:00.000Z,2619,https://media.transistor.fm/e201e70c/1182ae80.mp3,,,,
"Het leven is één groot experiment!, met Tim Zuidgeest (Unravel)","
        <p>Vandaag praat ik met Tim Zuidgeest, mede-oprichter en mede-eigenaar bij Unravel Neuromarketing research (wat je wellicht nog kent onder de oude naam ST&amp;T Research). We gaan het NIET hebben over wat we zakelijk allemaal voor toffe dingen doen maar maken we het even heel persoonlijk: Tim is namelijk ook met zijn eigen privéleven flink aan het experimenteren geslagen. En jawel, de N in dit onderzoek is dus een keiharde 1, maar ik weet zeker dat je hier wel wat leuke inspiratie uit gaat halen hoe je proefondervindelijk ook je eigen offline leven een stukje beter kan maken... Partners: &gt; Effective Experiments: www.effectiveexperiments.com &gt; Convert: www.convert.com/features &gt; Buyerminds: www.buyerminds.com &gt; Online Dialogue: www.onlinedialogue.nl Aanvullende info over deze aflevering kun je vinden op https://www.cro.cafe/podcast/het-leven-is-een-groot-experiment</p>
      ",2019-06-02T23:00:00.000Z,3519,https://media.transistor.fm/6e2a6807/82caa166.mp3,,,,
"Experience Economy, time well saved & time well spent, met Kirsten van der Kraan (InSocial)","
        <p>In deze aflevering praat ik met Kirsten van der Kraan. Zij is in 2017 afgestudeerd in International Business Management en sindsdien werkzaam binnen Research en Customer Experience. Momenteel is ze als marketeer werkzaam bij InSocial, een bedrijf dat een platform biedt om de klantbeleving in kaart te brengen op verschillende touchpoints in de klantreis. We gaan het hebben over de Experience Economy, we praten over het verschil tussen ‘time well saved’ en ‘time well spent’, hoe je surveymoeheid kan tegengaan en hoe je dit ook op B2B kan toepassen. Partners: &gt; Effective Experiments: www.effectiveexperiments.com &gt; Convert: www.convert.com/features &gt; Buyerminds: www.buyerminds.com &gt; Online Dialogue: www.onlinedialogue.nl Aanvullende info over deze aflevering kun je vinden op cro.cafe https://www.cro.cafe/podcast/experience-economy-time-well-saved-time-well-spent</p>
      ",2019-05-31T09:25:00.000Z,1424,https://media.transistor.fm/c2bff7a6/c0284f7a.mp3,,,,
"CRO als nieuwe rol, waar start je die reis?, met Amber Taal (Riksja Travel)","
        <p>Amber Taal is UX en CRO specialist bij reisorganisatie Riksja Travel. Ze is daar sinds juni 2018 onderdeel van het Digital Team op het hoofdkantoor in Leiden en optimaliseert de gebruikservaring op basis van klantinzichten uit webanalyses, user research en usability testing. Haar rol was helemaal nieuw en we vragen haar hoe ze van start is gegaan bij Riksja en waar ze prioriteiten aan gegeven heeft om het CRO programma op te zetten. Partners: &gt; Effective Experiments: www.effectiveexperiments.com &gt; Convert: www.convert.com/features &gt; Buyerminds: www.buyerminds.com Aanvullende info over deze aflevering kun je vinden op https://www.cro.cafe/podcast/cro-als-nieuwe-rol-waar-start-je-die-reis</p>
      ",2019-04-17T12:19:00.000Z,1766,https://media.transistor.fm/81508dd9/8c048b17.mp3,,,,
Emerce Conversion Livestream: Rogier Peters (Nyenrode),"
        <p>Verslag van Emerce Conversion 2019. In dit segment praten Guido en Bart met Rogier Peters van Nyenrode Business Universiteit.</p>
      ",2019-04-12T14:07:00.000Z,3072,https://media.transistor.fm/2a2c09ad/872c714d.mp3,,,,
Emerce Conversion Livestream: Daphne Tideman - Bernadette Bijkerk - Ruben de Boer (Online Dialogue),"
        <p>Emerce Conversion Livestream: Daphne Tideman - Bernadette Bijkerk - Ruben de Boer by Guido Jansen</p>
      ",2019-04-12T14:07:00.000Z,1964,https://media.transistor.fm/c0a65ec2/27e04935.mp3,,,,
"Emerce Conversion Livestream: Jurrien Schouten (fonQ), Stefan van Ballegooie (Allianz), Melle Moorman (Bol.com)","
        <p>Verslag van Emerce Conversion 2019. In dit segment praten Guido en Bart met Jurrien Schouten van fonQ, Stefan van Ballegooie van Allianz en Melle Moorman van Bol.com.</p>
      ",2019-04-12T14:06:00.000Z,2648,https://media.transistor.fm/7ac957fb/584b61dc.mp3,,,,
"Emerce Conversion Livestream: Shirley van Haalem, Joren van Gilst (TrafficBuilders)","
        <p>Verslag van Emerce Conversion 2019. In dit segment praten Guido en Bart met Shirley van Haalem en Joren van Gilst van Trafficbuilders</p>
      ",2019-04-12T14:05:00.000Z,2254,https://media.transistor.fm/96f8b203/d0bc29ac.mp3,,,,
Emerce Conversion Livestream: Kevin Anderson (ING) & Wouter Wensing (ISM eCompany),"
        <p>Verslag van Emerce Conversion 2019. In dit segment praten Bart van der Meer en Guido met Wouter Wensing van ISM eCompany en Kevin Anderson van ING.</p>
      ",2019-04-12T13:42:00.000Z,2983,https://media.transistor.fm/46656a7e/4350e9a8.mp3,,,,
Emerce Conversion Livestream: Michiel Jansen (Leaseplan),"
        <p>Verslag van Emerce Conversion 2019. In dit segment praten Guido en Bart met Michiel Jansen van Leaseplan</p>
      ",2019-04-11T20:16:00.000Z,1020,https://media.transistor.fm/ac964211/c1fc7e27.mp3,,,,
"Emerce Conversion Livestream: David Brinks, Gerben van Ouwendorp, David Beentjes (ClickValue)","
        <p>Verslag van Emerce Conversion 2019. In dit segment praten Guido en Bart met David Brinks van Hardcopy, Gerben van Ouwendorp van Vacanceselect en David Beentjes van ClickValue</p>
      ",2019-04-11T20:16:00.000Z,2467,https://media.transistor.fm/bf6a0c31/b48f9119.mp3,,,,
"Emerce Conversion Livestream: Karl Gilis (AGConsult), Ton Wesseling (Online Dialogue), Hazjier Pourkhalkhali (Optimizely)","
        <p>Verslag van Emerce Conversion 2019. In dit segment praten Guido en Bart met... Karl Gilis - AgConsult Hazjier Pourkhalkali - Optimizely Ton Wesseling - Online Dialogue</p>
      ",2019-04-11T20:16:00.000Z,2431,https://media.transistor.fm/fbc987fd/e927e82f.mp3,,,,
Emerce Conversion Livestream: Bart van der Meer,"
        <p>Co-host Bart van der Meer van Klik Process stelt zich even voor!</p>
      ",2019-04-11T20:15:00.000Z,412,https://media.transistor.fm/7826652b/2519f000.mp3,,,,
"Emerce Conversion Livestream, met Lonneke Spinhof (Humix)","
        <p>Verslag van Emerce Conversion 2019. In dit segment praten Guido en Bart met Lonneke Spinhof van Humix</p>
      ",2019-04-11T20:14:00.000Z,1571,https://media.transistor.fm/60e7d36a/99b53766.mp3,,,,
"Quantity ipv quality? Gas op die lolly!, met Tom van den Berg (Online Dialogue)","
        <p>Vandaag praat ik met Tom van den Berg. Hij werkt als conversie manager bij Online Dialogue en heeft daarvoor gewerkt voor o.a. T-mobile en Rituals. De afgelopen 5 jaar is hij betrokken geweest bij meer dan 500 A/B testen en heeft dus een berg aan kennis waar we hier in het CRO.CAFE graag gebruik van maken! Partners: &gt; Effective Experiments: www.effectiveexperiments.com &gt; Convert: www.convert.com/features &gt; Buyerminds: www.buyerminds.com Aanvullende info over deze aflevering kun je vinden op https://www.cro.cafe/podcast/quantity-ipv-quality-gas-op-die-lolly</p>
      ",2019-04-10T10:09:00.000Z,2158,https://media.transistor.fm/7bb76f09/7e00ecc8.mp3,,,,
Online Overtuigen met Arjen Hanssen,"
        <p>Partners: &gt; Effective Experiments: www.effectiveexperiments.com &gt; Convert: www.convert.com/features &gt; Buyerminds: buyerminds.com Aanvullende info over deze aflevering kun je vinden op ...</p>
      ",2019-04-09T20:47:00.000Z,2736,https://media.transistor.fm/fb7e7b40/c9ea7ebc.mp3,,,,
"Hip neuro-onderzoek levert géén unieke inzichten op in het onbewuste, met Joris Groen (Buyerminds)","
        <p>Joris Groen is co-founder van Buyerminds, een behavior design bureau dat de focus heeft op conversie en werkt voor klanten zoals KLM, bol.com, lendahand, prijsvergelijken.nl, huren.nl en de Nederlandse loterij. Joris en ik praten over het onderzoek dat vaak vooraf gaat (of zou moeten gaan) bij experimenten en (re)designs en waarop hip neuro-onderzoek zoals MRI, EEG en eyetracking daar volgens Joris niet in thuis hoort. Ook praten we over zijn ervaring met partijen in Azië en de (cultuur)verschillen en overeenkomsten in conversieoptimalisatie in die landen. Partners: &gt; Effective Experiments: www.effectiveexperiments.com &gt; Convert: www.convert.com/features &gt; Buyerminds: www.buyerminds.com Aanvullende info over deze aflevering kun je vinden op https://www.cro.cafe/podcast/hip-neuro-onderzoek-levert-geen-unieke-inzichten-op-in-het-onbewuste</p>
      ",2019-03-31T22:39:00.000Z,2577,https://media.transistor.fm/4d31dd8d/38523aa0.mp3,,,,
"Beginnen met personaliseren is makkelijker dan je denkt, met Ruben Teunissen (Centraal Beheer)","
        <p>Deze week praat ik met Ruben Teunissen van Centraal Beheer Achmea over personaliseren: hoe je eenvoudig kan starten, waar je op moet letten (zoals interactie effecten) en hoe ze het bij Centraal Beheer Achmea doen. Ook deelt Ruben met ons de grootste uitdagingen bij het neerzetten van een experiment gedreven cultuur. Partners: &gt; Effective Experiments: www.effectiveexperiments.com &gt; Convert: www.convert.com/features Aanvullende info over deze aflevering kun je vinden op https://www.cro.cafe/podcast/beginnen-met-personaliseren-is-makkelijker-dan-je-denkt</p>
      ",2019-03-20T17:56:00.000Z,2168,https://media.transistor.fm/03de1445/bcecf30d.mp3,,,,
"Waarom CRO specialisten goeie koks zijn, met Arnout Hellemans","
        <p><strong>Partners:</strong></p><ul><li>Effective Experiments: www.effectiveexperiments.com</li><li>Convert: www.convert.com/features</li></ul><p>Shownotes: https://www.cro.cafe/podcast/waarom-cro-specialisten-goeie-koks-zijn</p>
      ",2019-03-11T17:31:00.000Z,2811,https://media.transistor.fm/f251c661/694f30c9.mp3,,,,
"Een conversie team opbouwen bij KPN Zakelijk, met Erik Oosterbaan Martinius","
        <p>In deze aflevering praat ik met Erik Oosterbaan Martinius. 4 jaar geleden begon hij bij KPN als growth hacker en conversie specialist, heeft bij KPN zakelijk een heel CRO team opgebouwd en stuurt dat team nu aan in de rol van e-commerce manager. Zijn team bestaat uit een conversie specialist, online marketeer, content manager, online media manager, UX designer en een digital analist voor een totaal van 6FTE. Ik praat met hem over hoe hij dit team opgezet heeft, waar ze mee bezig zijn en wat hun grootste uitdagingen zijn. Partners: &gt; Effective Experiments: www.effectiveexperiments.com &gt; Convert: www.convert.com/features Aanvullende info over deze aflevering kun je vinden op https://www.cro.cafe/podcast/conversie-team-bij-kpn-zakelijk</p>
      ",2019-03-03T22:55:00.000Z,1882,https://media.transistor.fm/642b5d45/ee583178.mp3,,,,
"Play the game: Digital Marketing Pinball, met Daniël Markus (ClickValue)","
        <p>In deze aflevering praat ik met Daniël Markus, webanalist en oprichter van Clickvalue. Dit bureau heeft hij sinds 2003 laten uitgroeien tot een data driven online marketing bureau dat sinds 2 jaar 1 van de 5 labels is van LevelUp Group. Daniël is binnen de groep verantwoordelijk voor innovatie van de dienstverlening en groei van klanten. Over de focus op groei heeft hij vorige maand een boek gepubliceerd: Digital Marketing Pinball. In dat boek speelt CRO uiteraard een grote rol, genoeg redenen dus om Daniël uit te nodigen in het CRO.CAFE. Partners: &gt; Effective Experiments: www.effectiveexperiments.com &gt; Convert: www.convert.com/features Aanvullende info over deze aflevering kun je vinden op https://www.cro.cafe/podcast/digital-marketing-pinball</p>
      ",2019-02-28T07:18:00.000Z,2860,https://media.transistor.fm/131cee58/7cd8ac50.mp3,,,,
"Wat je mist als je de emotionele reacties van je gebruikers niet bekijkt, met Roderick Reichenbach (Braingineers)","
        <p>In deze aflevering praat ik met Roderick Reichenbach, Neuropsycholoog en één van de oprichters van Braingineers. Zij proberen emotional analytics toegankelijk te maken voor iedereen en hebben daarvoor o.a. een emotional analytics softwareplatform ontwikkeld waarmee emoties visueel zichtbaar worden waaruit je weer kan afleiden waar de belangrijkste optimalisatie mogelijkheden liggen om je gebruikerservaring te verbeteren. Partners: &gt; Effective Experiments: www.effectiveexperiments.com &gt; Convert: www.convert.com/features Aanvullende info over deze aflevering kun je vinden op https://www.cro.cafe/podcast/wat-je-mist-als-je-de-emotionele-reacties-van-je-gebruikers-niet-bekijkt</p>
      ",2019-02-18T09:17:00.000Z,2412,https://media.transistor.fm/bce5266c/572a41e7.mp3,,,,
"Tele2: Resultaten van 3 experimenten, met Rick Weij","
        <p> In deze aflevering vervolg ik mijn gesprek met Rick Weij van Tele2 en bespreken we 3 experimenten die Rick onlangs heeft uitgevoerd. Partners: &gt; Effective Experiments: www.effectiveexperiments.com &gt; Convert: www.convert.com/features Aanvullende info over deze aflevering kun je vinden op https://www.cro.cafe/podcast/tele2-resultaten-van-3-experimenten</p>
      ",2019-02-10T19:58:00.000Z,1710,https://media.transistor.fm/13b75ccb/76e4e0d1.mp3,,,,
"CRO is geen quick fix maar een continu proces, met Rick Weij (Tele2)","
        <p>In deze aflevering praat ik met Rick Weij van Tele2 over hoe hij de transitie heeft gemaakt van webanalist naar CRO specialist en hoe hij het CRO proces in 2 jaar tijd bij Tele2 heeft neergezet. Partners: &gt; Effective Experiments: www.effectiveexperiments.com &gt; Convert: www.convert.com/features Aanvullende info over deze aflevering kun je vinden op https://www.cro.cafe/podcast/rick-weij-tele2-cro-is-geen-quick-fix-maar-een-continue-process</p>
      ",2019-02-03T23:06:00.000Z,1987,https://media.transistor.fm/eaa9368a/80205e6c.mp3,,,,
"Conversie piramide, Foggs gedragsmodel en personaliseren, met Martin van Kranenburg","
        <p>In deze aflevering praat ik met Martin van Kranenburg over de conversie piramide, de ultieme formule voor conversie optimalisatie, personaliseren en de tool die hij aan het ontwikkelen is die het werk van CRO specialisten weer een stukje makkelijker moet maken. Partners: &gt; Effective Experiments: effectiveexperiments.com &gt; Convert: www.convert.com/features Aanvullende info over deze aflevering kun je vinden op https://www.cro.cafe/podcast/conversie-piramide-foggs-gedragsmodel-en-personaliseren</p>
      ",2019-01-27T15:18:00.000Z,2857,https://media.transistor.fm/2c3397d7/07cf0dba.mp3,,,,
"Hoe staat onze eigen CRO industrie er voor?, met Rudger de Groot en Roy Huiskes","
        <p>Roy, Rudger en Guido hebben het rapport “State of the Conversion Optimization Industry 2018” gelezen dat ConversionXL afgelopen december voor het 3e jaar op rij heeft uitgebracht. Hierin staan de resultaten van een vragenlijst met 26 vragen die is ingevuld door ruim 700 mensen wereldwijd en dat rapport gaan we in deze aflevering ontleden. We bespreken dit rapport en zijn (heel) kritisch over de staat van onze eigen CRO industry. Partners: &gt; Effective Experiments: http://effectiveexperiments.com &gt; Convert: https://www.convert.com/features Aanvullende info over deze aflevering kun je vinden op https://www.cro.cafe/podcast/hoe-staat-onze-eigen-cro-industrie-er-voor</p>
      ",2019-01-20T20:31:00.000Z,3505,https://media.transistor.fm/9c8fd6c7/15c2c616.mp3,,,,
"Digitale slecht-nieuws gesprekken: het Escalatie Preventie Model (deel 2), met Mischa Coster","
        <p>Deel 2 (deel 1: https://soundcloud.com/crocafe/digitale-slecht-nieuws-gesprekken-het-escalatie-preventie-model-deel-1) Ik spreek met Mischa Coster, zelfstandig mediapsycholoog en Chief Psychology Officer bij Grey Matters. We praten - na een intro over gedragsbeïnvloeding bij o.a. luchthavens en telecomproviders, de nieuwe sectie Sociale en Economische Psychologie van het NIP en Mischa's nieuwe boek - over hoe je digitale/massale slecht-nieuws gesprekken aanpakt. Mischa heeft ism enkele andere specialisten een Escalatie Preventie Model ontwikkeld en al bij verschillende projecten toegepast. Hij legt in de podcast uit wat het recept is dat je kan volgen om ook jouw (e-mail) communicatie rondom ""slechte nieuws"" te verbeteren. We bespreken o.a. de toepassing van het model bij een telecomprovider en bij de nieuwe ""aflossingsblij"" campagne rondom de aflossingsvrije hypotheken. Partners: * Effective Experiments: http://effectiveexperiments.com * Convert: https://www.convert.com/features Aanvullende info over deze aflevering kun je vinden op https://www.cro.cafe/podcast/digitale-slecht-nieuws-gesprekken-het-escalatie-preventie-model</p>
      ",2019-01-14T01:16:00.000Z,1584,https://media.transistor.fm/66d949a3/6fd14ae7.mp3,,,,
"Digitale slecht-nieuws gesprekken: het Escalatie Preventie Model (deel 1), met Mischa Coster","
        <p>Deel 1 (deel 2: https://soundcloud.com/crocafe/digitale-slecht-nieuws-gesprekken-het-escalatie-preventie-model-deel-2) Ik spreek met Mischa Coster, zelfstandig mediapsycholoog en Chief Psychology Officer bij Grey Matters. We praten - na een intro over gedragsbeïnvloeding bij o.a. luchthavens en telecomproviders, de nieuwe sectie Sociale en Economische Psychologie van het NIP en Mischa's nieuwe boek - over hoe je digitale/massale slecht-nieuws gesprekken aanpakt. Mischa heeft ism enkele andere specialisten een Escalatie Preventie Model ontwikkeld en al bij verschillende projecten toegepast. Hij legt in de podcast uit wat het recept is dat je kan volgen om ook jouw (e-mail) communicatie rondom ""slechte nieuws"" te verbeteren. We bespreken o.a. de toepassing van het model bij een telecomprovider en bij de nieuwe ""aflossingsblij"" campagne rondom de aflossingsvrije hypotheken. Partners: * Effective Experiments: http://effectiveexperiments.com * Convert: https://www.convert.com/features Aanvullende info over deze aflevering kun je vinden op https://www.cro.cafe/podcast/digitale-slecht-nieuws-gesprekken-het-escalatie-preventie-model</p>
      ",2019-01-14T01:15:00.000Z,2310,https://media.transistor.fm/1979db5c/34cae432.mp3,,,,
Welcome new CRO.CAFE listener!,"
        <p>Teaser episode with info for new listeners!</p>
      ",2018-11-08T15:09:00.000Z,152,https://media.transistor.fm/67cb8eb4/f18c29bc.mp3,,,,
